uri,label
http://kglids.org/resource/kaggle/olistbr.brazilian-ecommerce/thiagopanini.e-commerce-sentiment-analysis-eda-viz-nlp,classification
http://kglids.org/resource/kaggle/idoyo92.epl-stats-20192020/jaketuricchi.final-table-predictions-using-xgb-and-var-forecast,classification
http://kglids.org/resource/kaggle/idoyo92.epl-stats-20192020/cwthompson.epl-19-20-game-by-game-predictions,classification
http://kglids.org/resource/kaggle/mrferozi.loan-data-for-dummy-bank/possiblemanjr.imbalanced-data-lightgbm-xgboost-random-forest,classification
http://kglids.org/resource/kaggle/clmentbisaillon.fake-and-real-news-dataset/chelseabrk.fake-news-detection-detailed-explanations,classification
http://kglids.org/resource/kaggle/clmentbisaillon.fake-and-real-news-dataset/sifodhara.fake-news-prediction,classification
http://kglids.org/resource/kaggle/clmentbisaillon.fake-and-real-news-dataset/paramarthasengupta.fake-news-detector-eda-prediction-99,classification
http://kglids.org/resource/kaggle/clmentbisaillon.fake-and-real-news-dataset/therealcyberlord.fake-news-detection-using-rnn,classification
http://kglids.org/resource/kaggle/clmentbisaillon.fake-and-real-news-dataset/kens3i.fake-news-detection-for-beginners,classification
http://kglids.org/resource/kaggle/atharvaingle.crop-recommendation-dataset/prasadchaskar.crop-prediction-99-accuracy,classification
http://kglids.org/resource/kaggle/hb20007.gender-classification/musmeong.gender-classification-using-neural-network,classification
http://kglids.org/resource/kaggle/hb20007.gender-classification/vcrack.basic-classification,classification
http://kglids.org/resource/kaggle/hb20007.gender-classification/gcmadhan.gender-classification-sklearn-models,classification
http://kglids.org/resource/kaggle/hb20007.gender-classification/shankarpandala.building-multiple-classification-models-easily,classification
http://kglids.org/resource/kaggle/hb20007.gender-classification/sagnik1511.gender-classification-95-accuracy,classification
http://kglids.org/resource/kaggle/hb20007.gender-classification/karayilano.logistic-regression-and-predicting-genders,classification
http://kglids.org/resource/kaggle/jackywang529.michelin-restaurants/lunamcbride24.michelin-star-exploration-classification,classification
http://kglids.org/resource/kaggle/becksddf.churn-in-telecoms-dataset/pruthvi1995.churn-prediction,classification
http://kglids.org/resource/kaggle/becksddf.churn-in-telecoms-dataset/sharmilapolamuri.churn-prediction-with-accuracy-95-f1-90,classification
http://kglids.org/resource/kaggle/becksddf.churn-in-telecoms-dataset/mellissavalle.ml-models-feature-importance,classification
http://kglids.org/resource/kaggle/becksddf.churn-in-telecoms-dataset/nikitpatel.churn-predication-model-lr-xgb-ada-gbc-etc-dtc,classification
http://kglids.org/resource/kaggle/becksddf.churn-in-telecoms-dataset/sandipdatta.customer-churn-analysis,classification
http://kglids.org/resource/kaggle/filippoo.deep-learning-az-ann/saibhaskarraju.tuned-ann-accuracy-86-21-hyperparameters,classification
http://kglids.org/resource/kaggle/filippoo.deep-learning-az-ann/egemenuurdalg.ml-model-vs-ann-vs-deeper-ann,classification
http://kglids.org/resource/kaggle/filippoo.deep-learning-az-ann/megr25.deep-learning-sequential-no-sequential-accuracy-88,classification
http://kglids.org/resource/kaggle/dileep070.heart-disease-prediction-using-logistic-regression/pritishmishra.logistic-regression-on-heart-disease-dataset,classification
http://kglids.org/resource/kaggle/dileep070.heart-disease-prediction-using-logistic-regression/sidnath.supervised-learning-logistic-regression,classification
http://kglids.org/resource/kaggle/dileep070.heart-disease-prediction-using-logistic-regression/hamdallak.ml-techniques-for-predicting-heart-disease,classification
http://kglids.org/resource/kaggle/dileep070.heart-disease-prediction-using-logistic-regression/akashsikarwar.heart-disease-prediction-logistic-regression,classification
http://kglids.org/resource/kaggle/dileep070.heart-disease-prediction-using-logistic-regression/ayushikaushik.eda-and-logistic-regression,classification
http://kglids.org/resource/kaggle/dileep070.heart-disease-prediction-using-logistic-regression/nareshbhat.heart-attack-prediction-using-different-ml-models,classification
http://kglids.org/resource/kaggle/dileep070.heart-disease-prediction-using-logistic-regression/topalpanda.logistic-regression-hw,classification
http://kglids.org/resource/kaggle/dileep070.heart-disease-prediction-using-logistic-regression/nareshbhat.eda-classification-ensemble-92-accuracy,classification
http://kglids.org/resource/kaggle/cityofLA.los-angeles-metro-bike-share-trip-data/ktzioumis.la-metro-bike-share-viz-and-classification-model,classification
http://kglids.org/resource/kaggle/olgabelitskaya.flower-color-images/koshirosato.classification-of-small-datasets-using-resnet,classification
http://kglids.org/resource/kaggle/olgabelitskaya.flower-color-images/aradhyamathur.flower-classification-pytorch,classification
http://kglids.org/resource/kaggle/olgabelitskaya.flower-color-images/olgabelitskaya.h5py-data-kitchen,classification
http://kglids.org/resource/kaggle/olgabelitskaya.flower-color-images/nageshsingh.flower-classification-xception,classification
http://kglids.org/resource/kaggle/mysarahmadbhat.lung-cancer/mihirpaghdal.lung-cancer,classification
http://kglids.org/resource/kaggle/mysarahmadbhat.lung-cancer/faridtaghiyev.lung-cancer-classification,classification
http://kglids.org/resource/kaggle/mysarahmadbhat.lung-cancer/gaganmaahi224.lung-cancer-5ml-models-full-analysis-plotly,classification
http://kglids.org/resource/kaggle/mysarahmadbhat.lung-cancer/michaelbryantds.lung-cancer-survey-classification,classification
http://kglids.org/resource/kaggle/nickhould.craft-cans/hboro123.whats-in-your-beer,classification
http://kglids.org/resource/kaggle/ihelon.lego-minifigures-classification/ihelon.lego-minifigures-pytorch-and-neptune-ai-template,classification
http://kglids.org/resource/kaggle/ihelon.lego-minifigures-classification/drfrank.lego-transfer-cnn-classification,classification
http://kglids.org/resource/kaggle/ihelon.lego-minifigures-classification/izabellaleroy.guide-for-beginners-pretrained-neural-network,classification
http://kglids.org/resource/kaggle/ihelon.lego-minifigures-classification/ihelon.lego-minifigures-pytorch-lightning-tutorial,classification
http://kglids.org/resource/kaggle/ihelon.lego-minifigures-classification/arbazkhan971.lego-minifigures-classification-for-beginner,classification
http://kglids.org/resource/kaggle/ihelon.lego-minifigures-classification/lavanyask.lego-minifigures-classify,classification
http://kglids.org/resource/kaggle/ihelon.lego-minifigures-classification/shiamkumar.lego-starwars,classification
http://kglids.org/resource/kaggle/ihelon.lego-minifigures-classification/ihelon.lego-minifigures-tensorflow-tutorial,classification
http://kglids.org/resource/kaggle/ihelon.lego-minifigures-classification/trikialaaa.lego-minifigures-eda-classification-97-acc,classification
http://kglids.org/resource/kaggle/uciml.german-credit/pahulpreet.german-credit-risk-analysis-beginner-s-guide,classification
http://kglids.org/resource/kaggle/uciml.german-credit/guidosalimbeni.baseline-model,classification
http://kglids.org/resource/kaggle/arshid.iris-flower-dataset/arshid.support-vector-machine-on-iris-flower-dataset,classification
http://kglids.org/resource/kaggle/arshid.iris-flower-dataset/kumarsatwik.beginner-iris-dataset-classification,classification
http://kglids.org/resource/kaggle/arshid.iris-flower-dataset/gauravahujaravenclaw.iris-dataset-analysis-and-machine-learning,classification
http://kglids.org/resource/kaggle/arshid.iris-flower-dataset/himanshuyadav95627.eda-with-svc-modeling,classification
http://kglids.org/resource/kaggle/miroslavsabo.young-people-survey/godofprogramming.will-you-pay-more-for-healthy-food,classification
http://kglids.org/resource/kaggle/osmi.mental-health-in-tech-2016/andradaolteanu.model-and-visualize-mental-health-in-tech,classification
http://kglids.org/resource/kaggle/osmi.mental-health-in-tech-2016/h1rshit.preprocessing-and-random-forest-with-87-accuracy,classification
http://kglids.org/resource/kaggle/mahirahmzh.starbucks-customer-retention-malaysia-survey/rrrino39.starbucks-survey-xgboost-classification-prediction,classification
http://kglids.org/resource/kaggle/heptapod.titanic/ohseokkim.pipelines-make-your-own-process,classification
http://kglids.org/resource/kaggle/heptapod.titanic/ohseokkim.interpreting-models-by-feature-importnace,classification
http://kglids.org/resource/kaggle/heptapod.titanic/surajkumar88.titanic-machine-learning-from-disaster-eda,classification
http://kglids.org/resource/kaggle/heptapod.titanic/foocheechuan.titanic,classification
http://kglids.org/resource/kaggle/columbine.imdb-dataset-sentiment-analysis-in-csv-format/abdulmeral.sentiment-analysis-by-neural-network,classification
http://kglids.org/resource/kaggle/jmmvutu.summer-products-and-sales-in-ecommerce-wish/jingyiliii.eda-of-products-and-ml-to-predict-sales,classification
http://kglids.org/resource/kaggle/ritesaluja.bank-note-authentication-uci-data/sankalpsrivastava26.ml-models-banknote-dataset,classification
http://kglids.org/resource/kaggle/ritesaluja.bank-note-authentication-uci-data/njain5.bank-note-prediction-using-nn-and-tensor-flow,classification
http://kglids.org/resource/kaggle/ritesaluja.bank-note-authentication-uci-data/holdmykaggle.bank-note-authentication-pysparkml-streamlit,classification
http://kglids.org/resource/kaggle/ritesaluja.bank-note-authentication-uci-data/uditg6.simple-eda-model-fit-with-100-accuracy,classification
http://kglids.org/resource/kaggle/rishisankineni.text-similarity/mohiteud.ml-algorithms-for-text-classification,classification
http://kglids.org/resource/kaggle/uciml.biomechanical-features-of-orthopedic-patients/sercanyesiloz.k-nearest-neighbor-knn,classification
http://kglids.org/resource/kaggle/uciml.biomechanical-features-of-orthopedic-patients/kanncaa1.machine-learning-tutorial-for-beginners,classification
http://kglids.org/resource/kaggle/uciml.biomechanical-features-of-orthopedic-patients/serkanpeldek.alt-zelli-e-g-re-hastalar-n-s-n-fland-r-lmas,classification
http://kglids.org/resource/kaggle/uciml.biomechanical-features-of-orthopedic-patients/vbmokin.biomechanical-features-20-popular-models,classification
http://kglids.org/resource/kaggle/uciml.biomechanical-features-of-orthopedic-patients/sercanyesiloz.logistic-regression,classification
http://kglids.org/resource/kaggle/uciml.biomechanical-features-of-orthopedic-patients/codeblogger.k-nearest-neighbors-knn-classification-75-25,classification
http://kglids.org/resource/kaggle/uciml.biomechanical-features-of-orthopedic-patients/orhansertkaya.machine-learning-classification-eda-plotly-seaborn,classification
http://kglids.org/resource/kaggle/uciml.biomechanical-features-of-orthopedic-patients/turhancankargin.k-nearest-neighbors-classification-algorithm,classification
http://kglids.org/resource/kaggle/szymonjanowski.internet-articles-data-with-users-engagement/kingabzpro.internet-news-and-consumer-engagement,classification
http://kglids.org/resource/kaggle/prakrutchauhan.indian-candidates-for-general-election-2019/mustafa32.eda-prediction-90,classification
http://kglids.org/resource/kaggle/prakrutchauhan.indian-candidates-for-general-election-2019/shreekant009.indian-election-with-lr-91-dt-86-rf-91,classification
http://kglids.org/resource/kaggle/prakrutchauhan.indian-candidates-for-general-election-2019/listonlt.how-india-voted-in-2019-eda-prediction-96-3,classification
http://kglids.org/resource/kaggle/prakrutchauhan.indian-candidates-for-general-election-2019/salmanhiro.determine-the-indian-election-winning-with-ann,classification
http://kglids.org/resource/kaggle/abhinav89.telecom-customer/aliasgherman.telecom-customer,classification
http://kglids.org/resource/kaggle/fedesoriano.stellar-classification-dataset-sdss17/anmolbajpai.stellar-classification,classification
http://kglids.org/resource/kaggle/fedesoriano.stellar-classification-dataset-sdss17/prasadchaskar.steller-classification-with-97-accuracy,classification
http://kglids.org/resource/kaggle/szamil.who-suicide-statistics/hanzala1337.suicide-analysis-and-model-predictions-accuracy,classification
http://kglids.org/resource/kaggle/yasserh.wine-quality-dataset/prathameshchaudhari.wine-quality-classification-0-85-accuracy,classification
http://kglids.org/resource/kaggle/yasserh.wine-quality-dataset/moffstar1.attempting-to-classify-wine-rating-with-knn,classification
http://kglids.org/resource/kaggle/yasserh.wine-quality-dataset/mushfirat.wine-quality-prediction-rmse-0-7,classification
http://kglids.org/resource/kaggle/yasserh.wine-quality-dataset/fahmisajid.wine-quality-classification,classification
http://kglids.org/resource/kaggle/terminus7.pokemon-challenge/vforvince1.visualizing-data-and-predicting-pokemon-fights,classification
http://kglids.org/resource/kaggle/terminus7.pokemon-challenge/sabinhashmi.who-wins-the-fight-pokemon-cave-challenge,classification
http://kglids.org/resource/kaggle/crowdflower.first-gop-debate-twitter-sentiment/nicewinter.gop-twitter-sentiment-analysis-in-python,classification
http://kglids.org/resource/kaggle/crowdflower.first-gop-debate-twitter-sentiment/sanjay11100.lstm-sentiment-analysis-data-imbalance-keras,classification
http://kglids.org/resource/kaggle/crowdflower.first-gop-debate-twitter-sentiment/shivam001.twitter-tweets-classification-rnn-keras,classification
http://kglids.org/resource/kaggle/piyushgoyal443.red-wine-dataset/kanuganti.quality-of-red-wine-with-different-classifiers,classification
http://kglids.org/resource/kaggle/piyushgoyal443.red-wine-dataset/scsaurabh.red-wine-quality-analysis-python,classification
http://kglids.org/resource/kaggle/madeleineferguson.farmers-markets-in-the-united-states/kdnishanth.pytorch-cnn-tutorial-in-gpu,classification
http://kglids.org/resource/kaggle/ruslankl.mice-protein-expression/venugopalvasarla.mice-classification,classification
http://kglids.org/resource/kaggle/ruslankl.mice-protein-expression/samfenske.classifying-mice-from-protein-expression,classification
http://kglids.org/resource/kaggle/ruslankl.mice-protein-expression/mlwang32.sample-svm-model-for-mouse-protein-study,classification
http://kglids.org/resource/kaggle/ruslankl.mice-protein-expression/bhush98.classifying-type-of-protein,classification
http://kglids.org/resource/kaggle/ruslankl.mice-protein-expression/dorianvoydie.eda-modelling-mice-trisomy-100-acc,classification
http://kglids.org/resource/kaggle/mamtadhaker.lt-vehicle-loan-default-prediction/pravinks94.vehicle-loan-default-end-to-end,classification
http://kglids.org/resource/kaggle/mamtadhaker.lt-vehicle-loan-default-prediction/vishwanathkannan.l-t-vehicle-loan-default-prediction,classification
http://kglids.org/resource/kaggle/mamtadhaker.lt-vehicle-loan-default-prediction/itsbhups.vehicle-loan-prediction-logisticregression,classification
http://kglids.org/resource/kaggle/mamtadhaker.lt-vehicle-loan-default-prediction/arshankhan.vehicle-loan-prediction,classification
http://kglids.org/resource/kaggle/mamtadhaker.lt-vehicle-loan-default-prediction/kashyapn.l-t-vehicle-loan-default-prediction,classification
http://kglids.org/resource/kaggle/shwetabh123.mall-customers/anu420.customer-segmentation-of-mall-datasets-with-k-mean,classification
http://kglids.org/resource/kaggle/andrewmvd.trip-advisor-hotel-reviews/abdulwaheedsoudagar.nlp-lr-xgb-and-cnn,classification
http://kglids.org/resource/kaggle/andrewmvd.trip-advisor-hotel-reviews/gauravsahani.trip-advisor-reviews-analysis-using-auto-nlp,classification
http://kglids.org/resource/kaggle/fedesoriano.company-bankruptcy-prediction/gokulrajkmv.company-bankruptcy-ann,classification
http://kglids.org/resource/kaggle/fedesoriano.company-bankruptcy-prediction/gcmadhan.bankruptcy-perdiction-96-accuracy,classification
http://kglids.org/resource/kaggle/fedesoriano.company-bankruptcy-prediction/gauravsahani.bankruptcy-prediction-using-lazy-classifier,classification
http://kglids.org/resource/kaggle/fedesoriano.company-bankruptcy-prediction/ginelledsouza.bankruptcy-analysis,classification
http://kglids.org/resource/kaggle/fedesoriano.company-bankruptcy-prediction/mjain12.bankruptcy-prediction,classification
http://kglids.org/resource/kaggle/fedesoriano.company-bankruptcy-prediction/santhoshtsk.bankruptcy-prediction,classification
http://kglids.org/resource/kaggle/fedesoriano.company-bankruptcy-prediction/houcembenmansour.bankruptcy-perdiction-99-67-f1-score,classification
http://kglids.org/resource/kaggle/fedesoriano.company-bankruptcy-prediction/jaimebecerraguerrero.simple-yet-powerful-bankrupt-prediction-model,classification
http://kglids.org/resource/kaggle/fedesoriano.company-bankruptcy-prediction/kabirnagpal.bankruptcy-prediction-naive-bayes-auc-96,classification
http://kglids.org/resource/kaggle/thec03u5.seinfeld-chronicles/thebrownviking20.who-said-this-line-eda-classification-keras-ann,classification
http://kglids.org/resource/kaggle/iamhungundji.covid19-symptoms-checker/kritikajainjain.covid-19-classification,classification
http://kglids.org/resource/kaggle/iamhungundji.covid19-symptoms-checker/sararasoulian.classification,classification
http://kglids.org/resource/kaggle/mashlyn.online-retail-ii-uci/miljan.customer-segmentation-and-visualizations-in-plotly,classification
http://kglids.org/resource/kaggle/garystafford.environmental-sensor-data-132k/rjconstable.environmental-sensor-telemetry-dataset,classification
http://kglids.org/resource/kaggle/garystafford.environmental-sensor-data-132k/aashnaprasad.ml-prediction-for-motion,classification
http://kglids.org/resource/kaggle/rohan0301.unsupervised-learning-on-country-data/manabendrarout.unsupervised-learning-for-beginners,classification
http://kglids.org/resource/kaggle/rohan0301.unsupervised-learning-on-country-data/shivanshsinghal107.comapring-classification-algorithms,classification
http://kglids.org/resource/kaggle/rashikrahmanpritom.heart-attack-analysis-prediction-dataset/namanmanchanda.heart-attack-eda-prediction-90-accuracy,classification
http://kglids.org/resource/kaggle/rashikrahmanpritom.heart-attack-analysis-prediction-dataset/sercanyesiloz.heart-attack-eda-prediction,classification
http://kglids.org/resource/kaggle/rashikrahmanpritom.heart-attack-analysis-prediction-dataset/durgancegaur.a-guide-to-any-classification-problem,classification
http://kglids.org/resource/kaggle/rashikrahmanpritom.heart-attack-analysis-prediction-dataset/vivek468.heartattackprediction-decisiontree,classification
http://kglids.org/resource/kaggle/rashikrahmanpritom.heart-attack-analysis-prediction-dataset/anandhuh.heart-attack-prediction-simple-code-89-accuracy,classification
http://kglids.org/resource/kaggle/rashikrahmanpritom.heart-attack-analysis-prediction-dataset/ruthvikpvs.heart-attack-analysis-and-guide,classification
http://kglids.org/resource/kaggle/imoore.60k-stack-overflow-questions-with-quality-rate/alex97andreev.fast-svm-for-sparse-data-from-nlp-problem,classification
http://kglids.org/resource/kaggle/imoore.60k-stack-overflow-questions-with-quality-rate/kshitijmohan.nlp-word-embedding-glove-vs-model-bert-93-acc,classification
http://kglids.org/resource/kaggle/imoore.60k-stack-overflow-questions-with-quality-rate/gsdeepakkumar.sof-embeddings-simple-model,classification
http://kglids.org/resource/kaggle/imoore.60k-stack-overflow-questions-with-quality-rate/heyytanay.stack-overflow-qa-classification-87-acc,classification
http://kglids.org/resource/kaggle/imoore.60k-stack-overflow-questions-with-quality-rate/guillaumes.stack-overflow-quality-classif-88-2-acc-optim,classification
http://kglids.org/resource/kaggle/imoore.60k-stack-overflow-questions-with-quality-rate/thomaskonstantin.the-perfect-stack-overflow-question,classification
http://kglids.org/resource/kaggle/sampadab17.network-intrusion-detection/abaojiang.network-intrusion-detection-a-simple-ml-workflow,classification
http://kglids.org/resource/kaggle/sampadab17.network-intrusion-detection/feridenl.network-intrusion-detection-logistic-regression,classification
http://kglids.org/resource/kaggle/sampadab17.network-intrusion-detection/joshijai2.ids-using-xgb-and-lightgbm-with-feature-selection,classification
http://kglids.org/resource/kaggle/uciml.mushroom-classification/elcaiseri.mushroom-exploration-eda-with-visualizations,classification
http://kglids.org/resource/kaggle/uciml.mushroom-classification/databeru.best-of-14-alg-to-classify-mushrooms-100-acc,classification
http://kglids.org/resource/kaggle/uciml.mushroom-classification/raghuchaudhary.mushroom-classification,classification
http://kglids.org/resource/kaggle/uciml.mushroom-classification/vad13irt.uci-ml-mushrooms-classification,classification
http://kglids.org/resource/kaggle/uciml.mushroom-classification/sanchitakarmakar.mushroom-classification-99-75-ac-rf-pca,classification
http://kglids.org/resource/kaggle/uciml.mushroom-classification/sandhyakrishnan02.mushroom-classification-decision-tree-classifier,classification
http://kglids.org/resource/kaggle/uciml.mushroom-classification/alincijov.mushroom-classification-using-genetic-algorithm,classification
http://kglids.org/resource/kaggle/uciml.mushroom-classification/mig555.mushroom-classification,classification
http://kglids.org/resource/kaggle/uciml.mushroom-classification/adityapatil673.classification-traits-of-a-poisonous-mushroom,classification
http://kglids.org/resource/kaggle/PromptCloudHQ.amazon-reviews-unlocked-mobile-phones/nirajpoudel.sentiment-analysis,classification
http://kglids.org/resource/kaggle/PromptCloudHQ.amazon-reviews-unlocked-mobile-phones/salvation23.sentiment-analysis-with-logistic-regression,classification
http://kglids.org/resource/kaggle/yusufdede.lung-cancer-dataset/adityamahimkar.lung-cancer-prediction,classification
http://kglids.org/resource/kaggle/atulanandjha.temperature-readings-iot-devices/bhush98.classification-of-temp-reading-using-lr-and,classification
http://kglids.org/resource/kaggle/leonardopena.top50spotify2019/arpita28.analysis-of-spotify-trends,classification
http://kglids.org/resource/kaggle/mirbektoktogaraev.should-this-loan-be-approved-or-denied/max398434434.loans-risk-assessment-acc-94-5,classification
http://kglids.org/resource/kaggle/mirbektoktogaraev.should-this-loan-be-approved-or-denied/evgenyparenchenkov.random-forest-for-loan-classification,classification
http://kglids.org/resource/kaggle/mirbektoktogaraev.should-this-loan-be-approved-or-denied/josephravella.sba-loan,classification
http://kglids.org/resource/kaggle/rikdifos.credit-card-approval-prediction/rikdifos.data-augment,classification
http://kglids.org/resource/kaggle/rikdifos.credit-card-approval-prediction/ramgprajapat.credit-card-approval-model-using-xgboost,classification
http://kglids.org/resource/kaggle/rikdifos.credit-card-approval-prediction/caesarmario.99-9-credit-card-approval-prediction-w-pycaret,classification
http://kglids.org/resource/kaggle/rikdifos.credit-card-approval-prediction/udita3996.eda-woe-iv-calc-model-training,classification
http://kglids.org/resource/kaggle/hesh97.titanicdataset-traincsv/waiyankhinemyo.titanic-analysis-logistic-regression,classification
http://kglids.org/resource/kaggle/new-york-city.nyc-property-sales/residentmario.log-loss-with-new-york-city-building-sales,classification
http://kglids.org/resource/kaggle/gpreda.covid19-tweets/pratik1120.covid-tweets-eda-and-sentiment-analysis,classification
http://kglids.org/resource/kaggle/gpreda.covid19-tweets/shahraizanwar.covid19-tweets-sentiment-prediction-rnn-85-acc,classification
http://kglids.org/resource/kaggle/gyejr95.league-of-legends-challenger-ranked-games2020/yordanm.lol-logit-99-1,classification
http://kglids.org/resource/kaggle/iabhishekofficial.mobile-price-classification/ligtfeather.tutorial-hyperparameter-optimization,classification
http://kglids.org/resource/kaggle/iabhishekofficial.mobile-price-classification/sercanyesiloz.mobile-price-prediction,classification
http://kglids.org/resource/kaggle/open-source-sports.professional-hockey-database/emarkhauser.hall-of-fame-hockey-players-predictions,classification
http://kglids.org/resource/kaggle/nicapotato.womens-ecommerce-clothing-reviews/burhanykiyakoglu.predicting-sentiment-from-clothing-reviews,classification
http://kglids.org/resource/kaggle/nicapotato.womens-ecommerce-clothing-reviews/josh24990.nlp-ml-which-words-predict-a-recommendation,classification
http://kglids.org/resource/kaggle/nicapotato.womens-ecommerce-clothing-reviews/granjithkumar.nlp-with-women-clothing-reviews,classification
http://kglids.org/resource/kaggle/shashwatwork.dataco-smart-supply-chain-for-big-data-analysis/danielsilvaavila.big-data-analysis,classification
http://kglids.org/resource/kaggle/shashwatwork.dataco-smart-supply-chain-for-big-data-analysis/jaswanthhbadvelu.comparison-of-ml-models-with-rnn,classification
http://kglids.org/resource/kaggle/brsdincer.star-type-classification/franvaluch.easy-star-type-classification,classification
http://kglids.org/resource/kaggle/brsdincer.star-type-classification/sohommajumder21.star-classification,classification
http://kglids.org/resource/kaggle/brsdincer.star-type-classification/docxian.star-type-classification,classification
http://kglids.org/resource/kaggle/brsdincer.star-type-classification/marto24.stars-classification,classification
http://kglids.org/resource/kaggle/brsdincer.star-type-classification/arpithaananth.nasa-star-type-classification-eda,classification
http://kglids.org/resource/kaggle/brsdincer.star-type-classification/sohelranaccselab.star-type-classification-using-machine-learning,classification
http://kglids.org/resource/kaggle/brsdincer.star-type-classification/justabhishekprasad.nasa-stars-classifier-100-acc,classification
http://kglids.org/resource/kaggle/brsdincer.star-type-classification/harshgupta57.star-type-eda-classifications,classification
http://kglids.org/resource/kaggle/brsdincer.star-type-classification/gaganmaahi224.knn-classification-and-200visualisation-graphs,classification
http://kglids.org/resource/kaggle/brsdincer.star-type-classification/janzasadny.eda-randomforest-100-accuracy,classification
http://kglids.org/resource/kaggle/malekzadeh.motionsense-dataset/harisharma.har-using-convolution-neural-network,classification
http://kglids.org/resource/kaggle/santoshd3.bank-customers/carriewong.bank-customer-churn-analysis-and-modelling,classification
http://kglids.org/resource/kaggle/santoshd3.bank-customers/hlokomelangrakojoana.bank-customer-attrition-churn-prediction-notebook,classification
http://kglids.org/resource/kaggle/santoshd3.bank-customers/capedcrusader.86-55-accuracy-on-bank-customer-prediction,classification
http://kglids.org/resource/kaggle/santoshd3.bank-customers/adityasunny.bank-customer-status-ann,classification
http://kglids.org/resource/kaggle/rhuebner.human-resources-data-set/yclaudel.human-resources-who-is-going-to-quit,classification
http://kglids.org/resource/kaggle/kabure.german-credit-data-with-risk/thiagopanini.predicting-credit-risk-eda-viz-pipeline,classification
http://kglids.org/resource/kaggle/kabure.german-credit-data-with-risk/pankajjsh06.germancreditriskanalysis-eda-pca-classification,classification
http://kglids.org/resource/kaggle/kabure.german-credit-data-with-risk/janiobachmann.german-credit-analysis-a-risk-perspective,classification
http://kglids.org/resource/kaggle/olistbr.brazilian-ecommerce/goldendime.data-cleaning-viz-and-stat-analysis-on-e-com,regression
http://kglids.org/resource/kaggle/olistbr.brazilian-ecommerce/andresionek.predicting-customer-satisfaction,regression
http://kglids.org/resource/kaggle/headsortails.covid19-tracking-germany/caryox.statistical-analysis-of-sars-cov-19-in-germany,regression
http://kglids.org/resource/kaggle/idoyo92.epl-stats-20192020/idoyo92.premier-league-fantasy-point-prediction,regression
http://kglids.org/resource/kaggle/jojoker.singapore-airbnb/bavalpreet26.singapore-airbnb,regression
http://kglids.org/resource/kaggle/maajdl.yeh-concret-data/jamestaylor46.predicting-concrete-compressive-strength,regression
http://kglids.org/resource/kaggle/maajdl.yeh-concret-data/janzasadny.concrete-strength-regression-94-4-r2,regression
http://kglids.org/resource/kaggle/maajdl.yeh-concret-data/michaelbryantds.concrete-strength-regression,regression
http://kglids.org/resource/kaggle/maajdl.yeh-concret-data/kautumn06.yellowbrick-regression-visualizer-examples,regression
http://kglids.org/resource/kaggle/maajdl.yeh-concret-data/jeremygodden.predicting-compressive-strength-of-concrete,regression
http://kglids.org/resource/kaggle/maajdl.yeh-concret-data/gemyhamed.concrete-strength-using-a-deep-neural-network,regression
http://kglids.org/resource/kaggle/maajdl.yeh-concret-data/anishpai.concrete-data-fitting-a-linear-model,regression
http://kglids.org/resource/kaggle/dileep070.heart-disease-prediction-using-logistic-regression/trinayanbharadwaj.heart-disease-analysis-prediction,regression
http://kglids.org/resource/kaggle/navinmundhra.daily-power-generation-in-india-20172020/kuroganedecimo.power-generation-eda-linear-regression,regression
http://kglids.org/resource/kaggle/robervalt.sunspots/srinathsrinivasan1.sunspots-prediction-using-lstm,regression
http://kglids.org/resource/kaggle/fedesoriano.the-boston-houseprice-data/imakash3011.boston-house-prices-advanced-regression-technique,regression
http://kglids.org/resource/kaggle/fedesoriano.the-boston-houseprice-data/adhang.boston-house-prices-simple-linear-regression,regression
http://kglids.org/resource/kaggle/fedesoriano.the-boston-houseprice-data/abdelrahmansoltan98.house-prices,regression
http://kglids.org/resource/kaggle/fedesoriano.the-boston-houseprice-data/naimishbaranwal.boston-house-price-prediction-random-forrest,regression
http://kglids.org/resource/kaggle/sootersaalu.amazon-top-50-bestselling-books-2009-2019/gauravsahani.amazon-top-selling-books-detailed-eda-predictions,regression
http://kglids.org/resource/kaggle/ashydv.advertising-dataset/raziehghahartars.polynomial-regression-advertising-csv,regression
http://kglids.org/resource/kaggle/ashydv.advertising-dataset/mukeshmanral.linear-regression-basic,regression
http://kglids.org/resource/kaggle/ashydv.advertising-dataset/ashydv.sales-prediction-simple-linear-regression,regression
http://kglids.org/resource/kaggle/ashydv.advertising-dataset/arunasivapragasam.advertising-simple-linear-regression,regression
http://kglids.org/resource/kaggle/ashydv.advertising-dataset/raziehghahartars.ml-linear-regression-advertising-dataset,regression
http://kglids.org/resource/kaggle/ashydv.advertising-dataset/chitwanmanchanda.linear-regression-from-scratch,regression
http://kglids.org/resource/kaggle/ashydv.advertising-dataset/fehimenuruysal.linear-regression-simple-multiple,regression
http://kglids.org/resource/kaggle/ashydv.advertising-dataset/vaasubisht.simple-linear-regression,regression
http://kglids.org/resource/kaggle/ashydv.advertising-dataset/berkayalan.linear-models-regression-a-complete-guide,regression
http://kglids.org/resource/kaggle/quantbruce.real-estate-price-prediction/amirkonjkav.linear-regression-model-for-real-estate,regression
http://kglids.org/resource/kaggle/quantbruce.real-estate-price-prediction/parisakhatibi.linear-regression,regression
http://kglids.org/resource/kaggle/quantbruce.real-estate-price-prediction/rezvanrah.regularization-ridge-lasso-elasticnet,regression
http://kglids.org/resource/kaggle/quantbruce.real-estate-price-prediction/mahsayounesi.linear-regression-sklearn,regression
http://kglids.org/resource/kaggle/jorgesandoval.wind-power-generation/mrinalchandramishra.time-series-forecasting-arima,regression
http://kglids.org/resource/kaggle/kritikseth.us-airbnb-open-data/lunamcbride24.airbnb-price-prediction-regression,regression
http://kglids.org/resource/kaggle/kritikseth.us-airbnb-open-data/zicodas.linear-regression-with-rmse-0-933,regression
http://kglids.org/resource/kaggle/kritikseth.us-airbnb-open-data/husnulabid02.eta-of-airbnb-dataset-and-predict-housing-price,regression
http://kglids.org/resource/kaggle/hmavrodiev.london-bike-sharing-dataset/sid321axn.regression-tutorial-for-beginners,regression
http://kglids.org/resource/kaggle/hmavrodiev.london-bike-sharing-dataset/masrur007.mlp-regressor-london-bike-sharing,regression
http://kglids.org/resource/kaggle/hmavrodiev.london-bike-sharing-dataset/elvisscl.bike-demand-prediction-with-lstm-using-tensorflow,regression
http://kglids.org/resource/kaggle/brijbhushannanda1979.bigmart-sales-data/pranavuikey.bigmart-eda-with-complete-explanation,regression
http://kglids.org/resource/kaggle/brijbhushannanda1979.bigmart-sales-data/aishu2218.evaluation-metrics-for-ml-regression-models,regression
http://kglids.org/resource/kaggle/harshitshankhdhar.imdb-dataset-of-top-1000-movies-and-tv-shows/yogaram.imdb-dataset,regression
http://kglids.org/resource/kaggle/jmmvutu.summer-products-and-sales-in-ecommerce-wish/djrmarques.predicting-sales-and-product-stock-management,regression
http://kglids.org/resource/kaggle/uciml.biomechanical-features-of-orthopedic-patients/sagira.classification-of-patients-eda,regression
http://kglids.org/resource/kaggle/uciml.biomechanical-features-of-orthopedic-patients/sude00.machine-learning-to-basic-regression-models,regression
http://kglids.org/resource/kaggle/karthickveerakumar.salary-data-simple-linear-regression/anubhabswain.linear-regression-salary-data,regression
http://kglids.org/resource/kaggle/karthickveerakumar.salary-data-simple-linear-regression/vikramjeetsinghs.salary-prediction-on-the-basis-of-experience,regression
http://kglids.org/resource/kaggle/karthickveerakumar.salary-data-simple-linear-regression/watermasterz.tensorflowlinearregression,regression
http://kglids.org/resource/kaggle/karthickveerakumar.salary-data-simple-linear-regression/ankumagawa.step-by-step-simple-linear-regression-salary-data,regression
http://kglids.org/resource/kaggle/apratim87.housingdata/dprater513.eda-basic-linear-regression,regression
http://kglids.org/resource/kaggle/new-york-city.new-york-city-current-job-postings/prabhat12.current-job-posting,regression
http://kglids.org/resource/kaggle/yasserh.wine-quality-dataset/saadmansakib.linear-regression-from-scratch-predicting-wq,regression
http://kglids.org/resource/kaggle/anmolkumar.house-price-prediction-challenge/satznova.predict-indian-house-prices-eda-and-prediction-v1,regression
http://kglids.org/resource/kaggle/anmolkumar.house-price-prediction-challenge/dhruvenlincoln.indianhouseprice-using-random-forest,regression
http://kglids.org/resource/kaggle/anmolkumar.house-price-prediction-challenge/tanujmathur98.best-model-for-indian-house-price-prediction,regression
http://kglids.org/resource/kaggle/anmolkumar.house-price-prediction-challenge/twaritshah.indian-house-price-prediction-begineer-friendly,regression
http://kglids.org/resource/kaggle/anmolkumar.house-price-prediction-challenge/dhyeydabhi.house-pricing-eda,regression
http://kglids.org/resource/kaggle/danofer.india-census/mkbond777.covid19-districtwise-analysis-india,regression
http://kglids.org/resource/kaggle/madeleineferguson.farmers-markets-in-the-united-states/rjconstable.us-farmers-market-accessibility,regression
http://kglids.org/resource/kaggle/mruanova.us-gasoline-and-diesel-retail-prices-19952021/gatandubuc.forecast-with-n-beats-interpretable-model,regression
http://kglids.org/resource/kaggle/mustafaali96.weight-height/rahul228646.step-by-step-guide-for-linear-regression,regression
http://kglids.org/resource/kaggle/mustafaali96.weight-height/joshi98kishan.weight-predictor-using-scikitlearn,regression
http://kglids.org/resource/kaggle/mustafaali96.weight-height/aymanaljabri.multiple-linear-regression-90pct,regression
http://kglids.org/resource/kaggle/mustafaali96.weight-height/martandsay.height-weight-regression-classification,regression
http://kglids.org/resource/kaggle/deepshah16.meme-cryptocurrency-historical-data/deepshah16.cryptocurrency-analysis,regression
http://kglids.org/resource/kaggle/spscientist.students-performance-in-exams/gaganmaahi224.clean-eda-queries-visualization-for-beginners,regression
http://kglids.org/resource/kaggle/garystafford.environmental-sensor-data-132k/snehithmathias.iot-data-analysis-and-predictive-modelling,regression
http://kglids.org/resource/kaggle/gpreda.covid-world-vaccination-progress/gatandubuc.forecast-with-n-beats-interpretable-model,regression
http://kglids.org/resource/kaggle/hellbuoy.car-price-prediction/imams2000.car-price-predection-with-eda-and-ml,regression
http://kglids.org/resource/kaggle/hellbuoy.car-price-prediction/gaganmaahi224.eda-detailed-explanation-of-linear-regression,regression
http://kglids.org/resource/kaggle/hellbuoy.car-price-prediction/vaishnavivenkatesan.car-price-linear-regression,regression
http://kglids.org/resource/kaggle/hellbuoy.car-price-prediction/iadelas.car-price-prediction-rf-92,regression
http://kglids.org/resource/kaggle/hellbuoy.car-price-prediction/suprematism.regression-analysis-statistical-approach,regression
http://kglids.org/resource/kaggle/hellbuoy.car-price-prediction/runesh.simple-note-to-practice-linear-regression,regression
http://kglids.org/resource/kaggle/hellbuoy.car-price-prediction/kaanboke.car-price-prediction-beginner-friendly-94-3,regression
http://kglids.org/resource/kaggle/jealousleopard.goodreadsbooks/data13.predict-book-rating-with-linear-regression,regression
http://kglids.org/resource/kaggle/imoore.60k-stack-overflow-questions-with-quality-rate/rajacsp.linear-equations-and-numpy-real-time,regression
http://kglids.org/resource/kaggle/leonardopena.top50spotify2019/thomaskonstantin.top-spotify-songs-analysis-modeling-and-prediction,regression
http://kglids.org/resource/kaggle/new-york-city.nyc-property-sales/ermismbatuhan.end-to-end-machine-learning-regression-project,regression
http://kglids.org/resource/kaggle/new-york-city.nyc-property-sales/thalia18.regression-nyc-sales,regression
http://kglids.org/resource/kaggle/new-york-city.nyc-property-sales/arielyssou.nyc-property-regression,regression
http://kglids.org/resource/kaggle/new-york-city.nyc-property-sales/eric8395.nyc-property-sales-eda-analysis-w-regression,regression
http://kglids.org/resource/kaggle/new-york-city.nyc-property-sales/sahilrider.learn-regression-nyc,regression
http://kglids.org/resource/kaggle/nicapotato.womens-ecommerce-clothing-reviews/nicapotato.in-depth-simple-linear-regression,regression
http://kglids.org/resource/kaggle/brsdincer.star-type-classification/alincijov.blue-white-gaussian-optimization,regression
http://kglids.org/resource/kaggle/timoboz.python-data-science-handbook/anikjain.house-prices-advanced-linear-regression,regression
http://kglids.org/resource/kaggle/brllrb.uber-and-lyft-dataset-boston-ma/abhishekkavinamoole.uber-and-lyft-dataset-boston,regression
http://kglids.org/resource/kaggle/nicholasjhana.energy-consumption-generation-prices-and-weather/nathanoliver.spain-electricity-price-prediction,regression
http://kglids.org/resource/kaggle/nicholasjhana.energy-consumption-generation-prices-and-weather/nigelclinton.energy-price-prediction-ml,regression
http://kglids.org/resource/kaggle/gilsousa.habermans-survival-data-set/bryanb.survival-analysis-with-cox-model-implementation,regression
http://kglids.org/resource/kaggle/rubenssjr.brasilian-houses-to-rent/emdemor.prediction-of-total-price,regression
http://kglids.org/resource/kaggle/rubenssjr.brasilian-houses-to-rent/databeru.predict-housing-price-in-brazil,regression
http://kglids.org/resource/kaggle/altavish.boston-housing-dataset/salmaneunus.linear-models-and-regularization-for-regresssion,regression
http://kglids.org/resource/kaggle/altavish.boston-housing-dataset/gagne23.ways-to-impute-missing-values,regression
http://kglids.org/resource/kaggle/altavish.boston-housing-dataset/niteshyadav3103.linear-regression-regularization-lasso-ridge,regression
http://kglids.org/resource/kaggle/altavish.boston-housing-dataset/lys620.elasticnet-house-prediction,regression
http://kglids.org/resource/kaggle/altavish.boston-housing-dataset/arunasivapragasam.boston-housing-regression-linear-ridge-lasso,regression
http://kglids.org/resource/kaggle/PromptCloudHQ.world-happiness-report-2019/sebbuck.world-happiness-report-data-analysis,regression
http://kglids.org/resource/kaggle/PromptCloudHQ.world-happiness-report-2019/adikeshri.world-happiness-report,regression
http://kglids.org/resource/kaggle/budincsevity.szeged-weather/itsshuvra.actual-temperature-temperature-feels-like,regression
http://kglids.org/resource/kaggle/budincsevity.szeged-weather/omarpng.complete-prediction-analysis-of-szeged-s-weather,regression
http://kglids.org/resource/kaggle/budincsevity.szeged-weather/lasindudemel.weather-in-szeged-r2-score-0-9796,regression
http://kglids.org/resource/kaggle/debajyotipodder.co2-emission-by-vehicles/ishadss.regression-models-on-co2-emissions-and-eda,regression
http://kglids.org/resource/kaggle/debajyotipodder.co2-emission-by-vehicles/salarmokhtarilaleh.co2-emission-by-cars,regression
http://kglids.org/resource/kaggle/debajyotipodder.co2-emission-by-vehicles/lykin22.co2-emission-regression-techniques,regression
http://kglids.org/resource/kaggle/debajyotipodder.co2-emission-by-vehicles/siddhartharamani.co2-emission-prediction-and-analysis,regression
http://kglids.org/resource/kaggle/debajyotipodder.co2-emission-by-vehicles/prajaktaparate14.simple-linear-regression,regression
http://kglids.org/resource/kaggle/debajyotipodder.co2-emission-by-vehicles/drfrank.co2-emission-eda-visualization-machine-learnin,regression
http://kglids.org/resource/kaggle/debajyotipodder.co2-emission-by-vehicles/a7madmostafa.eda-modelling-for-co2-emission-99-acc,regression
http://kglids.org/resource/kaggle/debajyotipodder.co2-emission-by-vehicles/harshbhatt02.co2-emission-eda-and-regression-models,regression
http://kglids.org/resource/kaggle/debajyotipodder.co2-emission-by-vehicles/akshayhedaoo.c02-emission-prediction,regression
http://kglids.org/resource/kaggle/janiobachmann.math-students/adrian38.math-scores-regression,regression
http://kglids.org/resource/kaggle/patelprashant.employee-attrition/rishidamarla.predicting-employee-attrition,regression
http://kglids.org/resource/kaggle/goyalshalini93.car-data/goyalshalini93.car-price-prediction-linear-regression-rfe,regression
http://kglids.org/resource/kaggle/goyalshalini93.car-data/mcahitoturak.carpricepredict-r-0-94,regression
http://kglids.org/resource/kaggle/goyalshalini93.car-data/melihcanyardi.regression-car-price-data,regression
http://kglids.org/resource/kaggle/goyalshalini93.car-data/anshankul.car-price-prediction-ansh-ankul,regression
http://kglids.org/resource/kaggle/goyalshalini93.car-data/barbarascarvalho.car-price-prediction-linear-model,regression
http://kglids.org/resource/kaggle/goyalshalini93.car-data/hamzahasanfarooqi.car-sales-data-analysis-regression,regression
http://kglids.org/resource/kaggle/goyalshalini93.car-data/jurk06.car-price-prediction,regression
http://kglids.org/resource/kaggle/rtatman.english-word-frequency/andradaolteanu.i-commonlit-explore-xgbrf-repeatedfold-model,regression
http://kglids.org/resource/kaggle/rtatman.english-word-frequency/ppjanka.2021-commonlitreadability-final,regression
http://kglids.org/resource/kaggle/rtatman.english-word-frequency/ppjanka.2021-commonlitreadability,regression
http://kglids.org/resource/kaggle/shrutimehta.zomato-restaurants-data/aninditapani.cost-for-two-please-regression,regression
http://kglids.org/resource/kaggle/kwadwoofosu.predict-test-scores-of-students/mysha1rysh.support-vector-regression-for-beginners,regression
http://kglids.org/resource/kaggle/kwadwoofosu.predict-test-scores-of-students/arnavrangwani.post-test-prediction,regression
http://kglids.org/resource/kaggle/kwadwoofosu.predict-test-scores-of-students/mlanhenke.test-scores-epic-eda-prediction-cb-xgb-lgbm,regression
http://kglids.org/resource/kaggle/kwadwoofosu.predict-test-scores-of-students/chadapamettapun.predict-testscore,regression
http://kglids.org/resource/kaggle/kwadwoofosu.predict-test-scores-of-students/hijest.catboost-vs-lgbm-on-predicting-test-scores-eda,regression
http://kglids.org/resource/kaggle/jsphyg.tipping/alincijov.tips-locally-weighted-linear-regression,regression
http://kglids.org/resource/kaggle/prevek18.ames-housing-dataset/marto24.beginners-prediction-top3,regression
http://kglids.org/resource/kaggle/prevek18.ames-housing-dataset/ammar111.house-price-prediction-an-end-to-end-ml-project,regression
http://kglids.org/resource/kaggle/prevek18.ames-housing-dataset/modassirafzal.housing-top-3,regression
http://kglids.org/resource/kaggle/prevek18.ames-housing-dataset/kishkun.house-pricing-analysis-model,regression
http://kglids.org/resource/kaggle/shivachandel.kc-house-data/chavesfm.dnn-house-price-r-0-88,regression
http://kglids.org/resource/kaggle/shivachandel.kc-house-data/italosimoes.kc-house-data-analysis-and-predictions,regression
http://kglids.org/resource/kaggle/shivachandel.kc-house-data/everythingfree.house-data-model,regression
http://kglids.org/resource/kaggle/shivachandel.kc-house-data/vivekshivram.kc-house-prices-prediction,regression
http://kglids.org/resource/kaggle/shivachandel.kc-house-data/shweta2407.regression-on-housing-data-accuracy-87,regression
http://kglids.org/resource/kaggle/dronio.SolarEnergy/taghredsalah199.solarradiation-boosting-adabtive-gradient,regression
http://kglids.org/resource/kaggle/dronio.SolarEnergy/dabawse.solar-radiation-prediction-with-mlp,regression
http://kglids.org/resource/kaggle/dronio.SolarEnergy/iabhishekmaurya.evaluating-regression-models,regression
http://kglids.org/resource/kaggle/dronio.SolarEnergy/enricobaldasso.prediction-of-solar-radiation-data,regression
http://kglids.org/resource/kaggle/dronio.SolarEnergy/ritvik1909.trees-that-determine-solar-radiation,regression
http://kglids.org/resource/kaggle/arwinneil.gsmarena-phone-dataset/faezakamran.mobile-phone-price-prediction,regression
http://kglids.org/resource/kaggle/nobelfoundation.nobel-laureates/marcoantonio23.linear-regression-on-brain-motivated-nobel-prize,regression
http://kglids.org/resource/kaggle/agirlcoding.all-space-missions-from-1957/thomaskonstantin.exploratory-space-analysis-and-prediction,regression
http://kglids.org/resource/kaggle/harlfoxem.housesalesprediction/burhanykiyakoglu.predicting-house-prices,regression
http://kglids.org/resource/kaggle/harlfoxem.housesalesprediction/sonerkar.house-sales-regression-r-score-97-5,regression
http://kglids.org/resource/kaggle/harlfoxem.housesalesprediction/caesarmario.house-price-using-linear-ridge-regression,regression
http://kglids.org/resource/kaggle/harlfoxem.housesalesprediction/sid321axn.house-price-prediction-gboosting-adaboost-etc,regression
http://kglids.org/resource/kaggle/harlfoxem.housesalesprediction/faressayah.predicting-houses-prices-using-anns,regression
http://kglids.org/resource/kaggle/harlfoxem.housesalesprediction/tomasmantero.predicting-house-prices-keras-ann,regression
http://kglids.org/resource/kaggle/vbmokin.ammonium-prediction-in-river-water/vbmokin.fe-fi-for-regression-task-advanced-visualization,regression
http://kglids.org/resource/kaggle/vbmokin.ammonium-prediction-in-river-water/vbmokin.datasets-for-river-water-quality-prediction,regression
http://kglids.org/resource/kaggle/vbmokin.ammonium-prediction-in-river-water/vbmokin.ai-ml-ds-training-l3at-nh4-nn-models,regression
http://kglids.org/resource/kaggle/vbmokin.ammonium-prediction-in-river-water/vbmokin.ai-ml-ds-training-l2t-nh4-tree-regress-models,regression
http://kglids.org/resource/kaggle/noordeen.insurance-premium-prediction/pragyaraj23.insurance-premium-prediction,regression
http://kglids.org/resource/kaggle/noordeen.insurance-premium-prediction/mysha1rysh.multiple-linear-regression-for-beginners,regression
http://kglids.org/resource/kaggle/noordeen.insurance-premium-prediction/mysha1rysh.polynomial-regression-for-beginners,regression
http://kglids.org/resource/kaggle/noordeen.insurance-premium-prediction/praku89.insurance-prediction-mape-41-13-train-42-test,regression
http://kglids.org/resource/kaggle/rajyellow46.wine-quality/puritynyagweth.wine-quality,regression
http://kglids.org/resource/kaggle/rajyellow46.wine-quality/ishikakesarwani.eda-prediction-lr-dt-knn-svm-nb-rf,regression
http://kglids.org/resource/kaggle/julian3833.jigsaw-toxic-comment-classification-challenge/samarthagarwal23.mega-b-ridge-to-the-top-lb-0-85,regression
http://kglids.org/resource/kaggle/julian3833.jigsaw-toxic-comment-classification-challenge/thomasdubail.jigsaw-ensemble-best-public-sub-0-898,regression
http://kglids.org/resource/kaggle/julian3833.jigsaw-toxic-comment-classification-challenge/ekaterinadranitsyna.regression-ensemble-lb-0-78,regression
http://kglids.org/resource/kaggle/geoffnel.evs-one-electric-vehicle-dataset/yashmestry.evehicles-analysis,regression
http://kglids.org/resource/kaggle/jemishdonda.headbrain/tobaadesugba.linear-regression-from-scratch-with-python,regression
http://kglids.org/resource/kaggle/jemishdonda.headbrain/ashish7257.brain-baba,regression
http://kglids.org/resource/kaggle/jemishdonda.headbrain/rashmiek99.head-size-vs-brain-weight,regression
http://kglids.org/resource/kaggle/jemishdonda.headbrain/suryapushpa.lr-from-scratch-library-gradient-descent,regression
http://kglids.org/resource/kaggle/stefanoleone992.fifa-21-complete-player-dataset/brianokechukwu.exploratory-and-predictive-analysis-ml-of-fifa-21,regression
http://kglids.org/resource/kaggle/nipunarora8.age-gender-and-ethnicity-face-data-csv/rajacsp.linear-equations-and-numpy-real-time,regression
http://kglids.org/resource/kaggle/imdevskp.sars-outbreak-2003-complete-dataset/darshanjain29.linear-regression-tutorial-intro-maths-and-code,regression
http://kglids.org/resource/kaggle/camnugent.california-housing-prices/thomaskonstantin.california-housing-analysis-and-prediction,regression
http://kglids.org/resource/kaggle/camnugent.california-housing-prices/salmaneunus.ml-workshop-day-1-intro-to-supervised-learning,regression
http://kglids.org/resource/kaggle/camnugent.california-housing-prices/lourenswalters.i-california-housing-exploratory-data-analysis,regression
http://kglids.org/resource/kaggle/camnugent.california-housing-prices/amritvirsinghx.step-by-step-ml-california-housing-prices,regression
http://kglids.org/resource/kaggle/camnugent.california-housing-prices/shtrausslearning.bayesian-regression-house-price-prediction,regression
http://kglids.org/resource/kaggle/camnugent.california-housing-prices/heyrobin.house-price-prediction,regression
http://kglids.org/resource/kaggle/camnugent.california-housing-prices/edoardo10.regression-models-hyperparameters-tuning,regression
http://kglids.org/resource/kaggle/camnugent.california-housing-prices/ravichaubey1506.end-to-end-machine-learning,regression
http://kglids.org/resource/kaggle/harrimansaragih.dummy-advertising-and-sales-data/harrimansaragih.sales-prediction-using-regression-models,regression
http://kglids.org/resource/kaggle/luiscorter.netflix-original-films-imdb-scores/mlanhenke.netflix-awesome-eda-prediction-cb-lgbm-xgb,regression
http://kglids.org/resource/kaggle/loveall.clicks-conversion-tracking/mansimeena.facebook-ad-campaigns-analysis-sales-prediction,regression
http://kglids.org/resource/kaggle/rpaguirre.tesla-stock-price/duhduh.tweets-and-stock-price,regression
http://kglids.org/resource/kaggle/danielgrijalvas.movies/samarthsharma2300.movie-data-regression-and-correlation,regression
http://kglids.org/resource/kaggle/danielgrijalvas.movies/yanscosta.movie-correlation-and-regression-analysis,regression
http://kglids.org/resource/kaggle/amitabhajoy.bengaluru-house-price-data/prashansdixit.real-estate-price-prediction-bhp-dataset,regression
http://kglids.org/resource/kaggle/amitabhajoy.bengaluru-house-price-data/blessontomjoseph.bangalore-house-price-prediction-regression,regression
http://kglids.org/resource/kaggle/amitabhajoy.bengaluru-house-price-data/mohaiminul101.bengaluru-house-price-prediction,regression
http://kglids.org/resource/kaggle/sansuthi.world-population-by-year/egemenuurdalg.population-and-temperature-analysis,regression
http://kglids.org/resource/kaggle/sansuthi.world-population-by-year/nandalald.world-population-prediction-99accuracy,regression
http://kglids.org/resource/kaggle/sansuthi.world-population-by-year/philipkovac.world-population-by-year-eda-and-lr,regression
http://kglids.org/resource/kaggle/sansuthi.world-population-by-year/vedantkorhale.world-population-prediction-accuracy-99-9,regression
http://kglids.org/resource/kaggle/adityakadiwal.water-potability/yasserhessein.water-quality-classification-using-feyn,regression
http://kglids.org/resource/kaggle/aaron7sun.stocknews/dklepl.nlp-for-stock-market-prediction,regression
http://kglids.org/resource/kaggle/babyoda.women-entrepreneurship-and-labor-force/arushchillar.women-entrepreneurs-analysis,regression
http://kglids.org/resource/kaggle/babyoda.women-entrepreneurship-and-labor-force/aishwaryajmp.women-entrepreneurship-index-prediction-linear-reg,regression
http://kglids.org/resource/kaggle/olistbr.brazilian-ecommerce/leedohyun.olist-data-analysis-geospatial-and-correlations,clustering
http://kglids.org/resource/kaggle/vijayuv.onlineretail/astakalaswapnil.online-retail-clustering,clustering
http://kglids.org/resource/kaggle/uciml.german-credit/lesleyding.german-credit-risk-analysis-and-modeling,clustering
http://kglids.org/resource/kaggle/uciml.german-credit/nataliashcheglova.clustering-k-means-agglomerative-dbscan,clustering
http://kglids.org/resource/kaggle/arshid.iris-flower-dataset/khotijahs1.k-means-clustering-of-iris-dataset,clustering
http://kglids.org/resource/kaggle/miroslavsabo.young-people-survey/melvin97n.what-kind-of-person-are-you-a-clustering-analysis,clustering
http://kglids.org/resource/kaggle/miroslavsabo.young-people-survey/pro7work.clustering-young-people-on-interests,clustering
http://kglids.org/resource/kaggle/mahirahmzh.starbucks-customer-retention-malaysia-survey/elenasm.starbucks-survey-opinion-and-pivot-tables,clustering
http://kglids.org/resource/kaggle/jmmvutu.summer-products-and-sales-in-ecommerce-wish/rahulrrrd.statistical-and-cluster-analysis,clustering
http://kglids.org/resource/kaggle/jmmvutu.summer-products-and-sales-in-ecommerce-wish/jjmewtw.clustering-k-means-hierarchical-debscan-ema,clustering
http://kglids.org/resource/kaggle/new-york-city.new-york-city-current-job-postings/gpanigrahi.job-postings-in-new-york-with-clustering,clustering
http://kglids.org/resource/kaggle/shwetabh123.mall-customers/saliblue.market-basket-analysis-clustering,clustering
http://kglids.org/resource/kaggle/shwetabh123.mall-customers/aliderakhshesh.combination-of-pca-kmeans,clustering
http://kglids.org/resource/kaggle/shwetabh123.mall-customers/remyga.kmean-clustering-with-3d-visualisation,clustering
http://kglids.org/resource/kaggle/shwetabh123.mall-customers/cathy64.clustering-by-k-means-elbow-method,clustering
http://kglids.org/resource/kaggle/iamhungundji.covid19-symptoms-checker/div0528.birch-kmeans-project,clustering
http://kglids.org/resource/kaggle/mashlyn.online-retail-ii-uci/khusheekapoor.clustering-using-rfm-analysis-in-python,clustering
http://kglids.org/resource/kaggle/hellbuoy.online-retail-customer-clustering/rashmiek99.clustering-using-k-means,clustering
http://kglids.org/resource/kaggle/hellbuoy.online-retail-customer-clustering/hazimmir.code-your-own-k-means,clustering
http://kglids.org/resource/kaggle/hellbuoy.online-retail-customer-clustering/hellbuoy.online-retail-k-means-hierarchical-clustering,clustering
http://kglids.org/resource/kaggle/rohan0301.unsupervised-learning-on-country-data/cyruskouhyar.pca-on-countries-data,clustering
http://kglids.org/resource/kaggle/rohan0301.unsupervised-learning-on-country-data/sayar1106.building-k-means-clustering-algorithm-from-scratch,clustering
http://kglids.org/resource/kaggle/rohan0301.unsupervised-learning-on-country-data/cyruskouhyar.countries-clustering-with-k-means,clustering
http://kglids.org/resource/kaggle/rohan0301.unsupervised-learning-on-country-data/aditiani.kmeans-clustering-and-dbscan-for-country-data,clustering
http://kglids.org/resource/kaggle/rohan0301.unsupervised-learning-on-country-data/lauraviera.using-ml-to-allocate-funding-for-development-aid,clustering
http://kglids.org/resource/kaggle/rohan0301.unsupervised-learning-on-country-data/twaritshah.country-segmentation-pca-kmeans,clustering
http://kglids.org/resource/kaggle/rohan0301.unsupervised-learning-on-country-data/akshitkarande.clustering-the-countries,clustering
http://kglids.org/resource/kaggle/volpatto.coffee-quality-database-from-cqi/choihanbin.coffee-clustering,clustering
http://kglids.org/resource/kaggle/jealousleopard.goodreadsbooks/hoshi7.goodreads-analysis-and-recommending-books,clustering
http://kglids.org/resource/kaggle/jealousleopard.goodreadsbooks/cloudy17.books-k-means,clustering
http://kglids.org/resource/kaggle/leonardopena.top50spotify2019/emilytries.top-50-music-data-clustering,clustering
http://kglids.org/resource/kaggle/carolzhangdc.imdb-5000-movie-dataset/karansehgal13.k-means-clustering-of-movies-based-on-likes,clustering
http://kglids.org/resource/kaggle/nicapotato.womens-ecommerce-clothing-reviews/panks03.clustering-with-topic-modeling-using-lda,clustering
http://kglids.org/resource/kaggle/CooperUnion.anime-recommendations-database/khotijahs1.hierarchical-agglomerative-clustering,clustering
http://kglids.org/resource/kaggle/CooperUnion.anime-recommendations-database/viniciuscleves.anime-recomendation-based-on-user-clustering,clustering
http://kglids.org/resource/kaggle/CooperUnion.anime-recommendations-database/tanetboss.user-clustering-for-anime-recommendation,clustering
http://kglids.org/resource/kaggle/kabure.german-credit-data-with-risk/lesleyding.german-credit-risk-analysis-and-modeling,clustering
http://kglids.org/resource/kaggle/kabure.german-credit-data-with-risk/ssemanur.gcr-data-modeling-without-vacation-others,clustering
http://kglids.org/resource/kaggle/unanimad.us-election-2020/jjmewtw.us-elections-study-with-enriched-data-estimation,clustering
http://kglids.org/resource/kaggle/cdc.national-health-and-nutrition-examination-survey/sohamohajeri.nhanes-dimensionality-reduction-and-clustering,clustering
http://kglids.org/resource/kaggle/gpreda.pfizer-vaccine-tweets/accountstatus.k-means-vs-vader-vs-textblob-sentiment-analysis,clustering
http://kglids.org/resource/kaggle/harrywang.wine-dataset-for-clustering/alehandro35.clustering-using-kmeans-and-pca,clustering
http://kglids.org/resource/kaggle/harrywang.wine-dataset-for-clustering/alyeasin.clustering-with-k-means,clustering
http://kglids.org/resource/kaggle/harrywang.wine-dataset-for-clustering/datarohitingole.wine-data-clusteing-kmeans-elbow-method,clustering
http://kglids.org/resource/kaggle/harrywang.wine-dataset-for-clustering/toobajamal.kmeans-clustering,clustering
http://kglids.org/resource/kaggle/harrywang.wine-dataset-for-clustering/rodrigofragoso.explained-k-means-pca-visualization,clustering
http://kglids.org/resource/kaggle/harrywang.wine-dataset-for-clustering/rohitpant.wine-dataset,clustering
http://kglids.org/resource/kaggle/harrywang.wine-dataset-for-clustering/ozanonal.visualization-kmeans-hierarchical-clustering,clustering
http://kglids.org/resource/kaggle/sobhanmoosavi.us-weather-events/lucaspcarlini.clustering-and-visualisation-using-folium-maps,clustering
http://kglids.org/resource/kaggle/sobhanmoosavi.us-weather-events/jqunkou.clustering-visualization-and-prediction,clustering
http://kglids.org/resource/kaggle/rajyellow46.wine-quality/aryantuteja.wine-quality-prediction,clustering
http://kglids.org/resource/kaggle/juanmah.world-cities/tommasotassi.let-s-live-in-a-world-without-k-means-clusters,clustering
http://kglids.org/resource/kaggle/saurabh00007.iriscsv/rutvikj77.clustering-using-iris-dataset,clustering
http://kglids.org/resource/kaggle/stefanoleone992.fifa-21-complete-player-dataset/chiticariucristian.beginners-hierarchical-clustering-fifa-21,clustering
http://kglids.org/resource/kaggle/imdevskp.sars-outbreak-2003-complete-dataset/memocan.risk-group-of-countries-according-to-covid19,clustering
http://kglids.org/resource/kaggle/andradaolteanu.country-mapping-iso-continent-region/nalkrolu.clustering-women-entrepreneurship-and-labor-force,clustering
http://kglids.org/resource/kaggle/ruchi798.bookcrossing-dataset/sankha1998.collaborative-book-recommendation-system,clustering
http://kglids.org/resource/kaggle/ruchi798.bookcrossing-dataset/peterszabo0722.books-clustering,clustering
http://kglids.org/resource/kaggle/ruchi798.bookcrossing-dataset/morganfang.book-review-social-network-and-recommender-system,clustering
http://kglids.org/resource/kaggle/therohk.million-headlines/thomaskonstantin.exploring-internet-news-headlines,clustering
http://kglids.org/resource/kaggle/therohk.million-headlines/thebrownviking20.k-means-clustering-of-1-million-headlines,clustering
http://kglids.org/resource/kaggle/loveall.clicks-conversion-tracking/chiticariucristian.clustering-facebooks-ads-campaigns,clustering
http://kglids.org/resource/kaggle/loveall.clicks-conversion-tracking/akzenith.clustering-score-0-80,clustering
http://kglids.org/resource/kaggle/claudiodavi.superhero-set/matisz781.superpowers-correlation-and-clustering-analysis,clustering
http://kglids.org/resource/kaggle/annavictoria.speed-dating-experiment/himanshubajpai.kmeans-dating,clustering
http://kglids.org/resource/kaggle/danielgrijalvas.movies/ahmedtawfeek604.analyze-and-cluster-movies-over-time,clustering
http://kglids.org/resource/kaggle/amitabhajoy.bengaluru-house-price-data/nehalalex.house-price-clustering-and-recommender-system,clustering
http://kglids.org/resource/kaggle/babyoda.women-entrepreneurship-and-labor-force/nalkrolu.clustering-women-entrepreneurship-and-labor-force,clustering
http://kglids.org/resource/kaggle/uciml.zoo-animal-classification/tobyanderson.zoo-clustering,clustering
http://kglids.org/resource/kaggle/momanyc.museum-collection/iuliiapetrova.clustering-artworks-using-k-means-2d-plot,clustering
http://kglids.org/resource/kaggle/kukuroo3.body-performance-data/andrsingelmo.what-impacts-body-performance,clustering
http://kglids.org/resource/kaggle/steveahn.memory-test-on-drugged-islanders-data/miltonsuggs.06-memory-test-eda-clustering,clustering
http://kglids.org/resource/kaggle/anandhuh.latest-covid19-india-statewise-data/sagarnildass.eda-ml-clustering-covid-with-the-click-of-a-mouse,clustering
http://kglids.org/resource/kaggle/janiobachmann.bank-marketing-dataset/osmangoktepe.bank-marketing-campaign-all-aspects,clustering
http://kglids.org/resource/kaggle/carrie1.ecommerce-data/yugagrawal95.rfm-analysis,clustering
http://kglids.org/resource/kaggle/carrie1.ecommerce-data/sercanyesiloz.crm-analytics,clustering
http://kglids.org/resource/kaggle/rounakbanik.pokemon/ubiratanfilho.predicting-the-real-legendary-pok-mon,clustering
http://kglids.org/resource/kaggle/mnassrib.telecom-churn-datasets/hanantabak.churning-eda-prediction-and-clustering,clustering
http://kglids.org/resource/kaggle/mariopasquato.star-cluster-simulations/arnabd2002.3d-plot-of-kmeans-cluster-with-data-subset,clustering
http://kglids.org/resource/kaggle/sindraanthony9985.marketing-data-for-a-supermarket-in-united-states/nicholascandra.member-clustering-not-scaled,clustering
http://kglids.org/resource/kaggle/boltzmannbrain.nab/frankmollard.a-story-about-unsupervised-learning,clustering
http://kglids.org/resource/kaggle/arslanali4343.top-personality-dataset/docxian.ocean-features-eda-and-clusters,clustering
http://kglids.org/resource/kaggle/fedesoriano.hepatitis-c-dataset/mohammedomda.liver-disorders-storytelling,clustering
http://kglids.org/resource/kaggle/kyanyoga.sample-sales-data/alekhyabotta.customer-segmentation,clustering
http://kglids.org/resource/kaggle/kyanyoga.sample-sales-data/anantgupt.customer-segmentation-clustering-autoencoder,clustering
http://kglids.org/resource/kaggle/parulpandey.palmer-archipelago-antarctica-penguin-data/johntrunix.clustering-type-of-penguin-unsupervised-learning,clustering
http://kglids.org/resource/kaggle/parulpandey.palmer-archipelago-antarctica-penguin-data/ayushikaushik.k-means-clustering-k-neighbors-classification,clustering
http://kglids.org/resource/kaggle/parulpandey.palmer-archipelago-antarctica-penguin-data/sivaprksh.palmer-penguins-k-means-clustering,clustering
http://kglids.org/resource/kaggle/abineshkumark.carsdata/skotty971.kmeans-car-clustering-unsupervised-approach,clustering
http://kglids.org/resource/kaggle/abineshkumark.carsdata/thebrownviking20.cars-k-means-clustering-script,clustering
http://kglids.org/resource/kaggle/rodsaldanha.arketing-campaign/raphael2711.rfm-segmentation-and-clv-modeling,clustering
http://kglids.org/resource/kaggle/rodsaldanha.arketing-campaign/raphael2711.customer-segmentation-with-gmm-clustering,clustering
http://kglids.org/resource/kaggle/rodsaldanha.arketing-campaign/raphael2711.customer-personnas-with-apriori-algorithm,clustering
http://kglids.org/resource/kaggle/rodsaldanha.arketing-campaign/alperengin.find-k-for-k-means-clustering-with-pca-and-t-sne,clustering
http://kglids.org/resource/kaggle/edalrami.19000-spotify-songs/pelinsoylu.unsupervised-learning-exercise,clustering
http://kglids.org/resource/kaggle/uciml.faulty-steel-plates/ravijeetkr.pca-implementation-steps-faulty-steel-plates,clustering
http://kglids.org/resource/kaggle/uciml.red-wine-quality-cortez-et-al-2009/frankmollard.a-story-about-unsupervised-learning,clustering
http://kglids.org/resource/kaggle/imakash3011.customer-personality-analysis/seungbumlim.how-to-select-the-optimal-number-for-pca-kmeans,clustering
http://kglids.org/resource/kaggle/imakash3011.customer-personality-analysis/imakash3011.customer-analysis-eda-report-clustering,clustering
http://kglids.org/resource/kaggle/imakash3011.customer-personality-analysis/miguelfzzz.store-customers-clustering-analysis,clustering
http://kglids.org/resource/kaggle/imakash3011.customer-personality-analysis/sonalisingh1411.customer-personality-analysis-segmentation,clustering
http://kglids.org/resource/kaggle/imakash3011.customer-personality-analysis/gaganmaahi224.9-clustering-techniques-for-customer-segmentation,clustering
http://kglids.org/resource/kaggle/imakash3011.customer-personality-analysis/karnikakapoor.customer-segmentation-clustering,clustering
http://kglids.org/resource/kaggle/imakash3011.customer-personality-analysis/ankitkalauni.customer-personality-clean-eda-k-means,clustering
http://kglids.org/resource/kaggle/imakash3011.customer-personality-analysis/eelduck.eda-kmeans-pca-visualisation,clustering
http://kglids.org/resource/kaggle/kiva.data-science-for-good-kiva-crowdfunding/asindico.kiva-borrowers-welfare,clustering
http://kglids.org/resource/kaggle/jameslko.gun-violence-data/arthurpaulino.gun-incidents-by-state,clustering
http://kglids.org/resource/kaggle/arjunbhasin2013.ccdata/sveneschlbeck.kmeans,clustering
http://kglids.org/resource/kaggle/arjunbhasin2013.ccdata/kashyapn.credit-card-data-clustering-using-kmeans,clustering
http://kglids.org/resource/kaggle/arjunbhasin2013.ccdata/lys620.optimize-cluster-elbow-silhouette-kmeans-dbscan,clustering
http://kglids.org/resource/kaggle/arjunbhasin2013.ccdata/vipulgandhi.hierarchical-clustering-explanation,clustering
http://kglids.org/resource/kaggle/arjunbhasin2013.ccdata/parag131.credit-card-k-means-agglomerative-clustering,clustering
http://kglids.org/resource/kaggle/arjunbhasin2013.ccdata/halflingwizard.interpret-k-means-clusters-on-credit-card-dataset,clustering
http://kglids.org/resource/kaggle/arjunbhasin2013.ccdata/sidharth178.customer-segmentation-using-5-clustering-algorithm,clustering
http://kglids.org/resource/kaggle/arjunbhasin2013.ccdata/vipulgandhi.kmeans-detailed-explanation,clustering
http://kglids.org/resource/kaggle/arjunbhasin2013.ccdata/vipulgandhi.spectral-clustering-detailed-explanation,clustering
http://kglids.org/resource/kaggle/arjunbhasin2013.ccdata/sabanasimbutt.clustering-visualization-of-clusters-using-pca,clustering
http://kglids.org/resource/kaggle/arjunbhasin2013.ccdata/vipulgandhi.gaussian-mixture-models-clustering-explained,clustering
http://kglids.org/resource/kaggle/arjunbhasin2013.ccdata/ankits29.credit-card-customer-clustering-with-explanation,clustering
http://kglids.org/resource/kaggle/arjunbhasin2013.ccdata/twaritshah.credit-card-customer-segmentation-pca-kmeans,clustering
http://kglids.org/resource/kaggle/justinas.nba-players-data/rishidamarla.k-means-versus-hierarchical-clustering,clustering
http://kglids.org/resource/kaggle/jrobischon.wikipedia-movie-plots/basu369victor.recommender-system-using-un-supervised-learning,clustering
http://kglids.org/resource/kaggle/jrobischon.wikipedia-movie-plots/basu369victor.recommendation-system-using-unsupervised-learning,clustering
http://kglids.org/resource/kaggle/sakshigoyal7.credit-card-customers/miguelfzzz.customer-churn-smote-pca-clusters-prediction,clustering
http://kglids.org/resource/kaggle/cclark.product-item-data/pierrelouisdanieau.nlp-clustering-recommender-system-lsa,clustering
http://kglids.org/resource/kaggle/arashnic.fitbit/sciamano.google-capstone-project-bellabeat-case-study,clustering
http://kglids.org/resource/kaggle/teejmahal20.airline-passenger-satisfaction/amandamagzal.airline-passenger-satisfaction-analysis,clustering
http://kglids.org/resource/kaggle/teejmahal20.airline-passenger-satisfaction/mehmetbicici.airline-passenger-satisfaction-eda-ml,clustering
http://kglids.org/resource/kaggle/jacobbaruch.basketball-players-stats-per-season-49-leagues/sslp23.clustering-nba-players-by-their-stats,clustering
http://kglids.org/resource/kaggle/vjchoudhary7.customer-segmentation-tutorial-in-python/datark1.customers-clustering-k-means-dbscan-and-ap,clustering
http://kglids.org/resource/kaggle/vjchoudhary7.customer-segmentation-tutorial-in-python/heeraldedhia.kmeans-clustering-for-customer-data,clustering
http://kglids.org/resource/kaggle/vjchoudhary7.customer-segmentation-tutorial-in-python/michalbrezk.customer-segmentation-clustering-using-k-means,clustering
http://kglids.org/resource/kaggle/vjchoudhary7.customer-segmentation-tutorial-in-python/jaykumar1607.customer-segmentation-modelling-visuals,clustering
http://kglids.org/resource/kaggle/vjchoudhary7.customer-segmentation-tutorial-in-python/glushko.mall-customer-segmentation,clustering
http://kglids.org/resource/kaggle/vjchoudhary7.customer-segmentation-tutorial-in-python/kushal1996.customer-segmentation-k-means-analysis,clustering
http://kglids.org/resource/kaggle/vjchoudhary7.customer-segmentation-tutorial-in-python/rajeshjnv.mall-customer-visually-analysis-k-means,clustering
http://kglids.org/resource/kaggle/vjchoudhary7.customer-segmentation-tutorial-in-python/sonerkar.customer-segmentation-eda-clustering-kmeans,clustering
http://kglids.org/resource/kaggle/vjchoudhary7.customer-segmentation-tutorial-in-python/fazilbtopal.popular-unsupervised-clustering-algorithms,clustering
http://kglids.org/resource/kaggle/vjchoudhary7.customer-segmentation-tutorial-in-python/sohommajumder21.clustering-no-complex-codes-beginner-friendly,clustering
http://kglids.org/resource/kaggle/gpreda.reddit-vaccine-myths/accountstatus.brown-clustering-kmeans,clustering
http://kglids.org/resource/kaggle/vjchoudhary7.hr-analytics-case-study/gauravduttakiit.hr-analytics-with-knn,clustering
http://kglids.org/resource/kaggle/uciml.forest-cover-type-dataset/minc33.visualizing-high-dimensional-clusters,clustering
http://kglids.org/resource/kaggle/uciml.forest-cover-type-dataset/satyajitmaitra.detailed-clustering-algorithems,clustering
http://kglids.org/resource/kaggle/mathchi.online-retail-ii-data-set-from-ml-repository/pinardogan.rfm-customer-segmentation-using-k-means,clustering
http://kglids.org/resource/kaggle/vishalsubbiah.pokemon-images-and-types/div0528.cure-algorithm-unsupervised-learning,clustering
http://kglids.org/resource/kaggle/unsdsn.world-happiness/dhanyajothimani.basic-visualization-and-clustering-in-python,clustering
http://kglids.org/resource/kaggle/unsdsn.world-happiness/avnika22.world-happiness-report-eda-clustering,clustering
http://kglids.org/resource/kaggle/unanimad.corona-virus-brazil/thiagobodruk.covid-19-brazil-analysis,clustering
http://kglids.org/resource/kaggle/austinreese.trump-tweets/databeru.simple-topic-modeling-with-nmf-lda,clustering
http://kglids.org/resource/kaggle/jboysen.mri-and-alzheimers/nidaguler.mri-and-alzheimers-with-machine-learning,clustering
http://kglids.org/resource/kaggle/crisparada.brazilian-cities/kaikewreis.brazil-2010-analysis-with-clustering-methods,clustering
http://kglids.org/resource/kaggle/shazadudwadia.supermarket/tanyildizderya.apriori-association-rule,clustering
http://kglids.org/resource/kaggle/tmdb.tmdb-movie-metadata/heeraldedhia.movie-ratings-and-recommendation-using-knn,clustering
http://kglids.org/resource/kaggle/hsankesara.medium-articles/leomauro.text-clustering-grouping-texts,clustering
