target_ds,candidate_ds,attr_pairs
data_mill_a.csv,data_mill_a.csv,1
data_mill_a.csv,data_mill_b.csv,1
data_mill_a.csv,data_mill_0.csv,1
data_mill_a.csv,data_mill_1.csv,1
data_mill_a.csv,data_mill_2.csv,1
data_mill_a.csv,data_mill_3.csv,1
data_mill_a.csv,data_mill_4.csv,1
data_mill_a.csv,data_mill_5.csv,1
data_mill_a.csv,data_mill_6.csv,1
data_mill_a.csv,data_mill_7.csv,1
data_mill_a.csv,data_mill_8.csv,1
data_mill_a.csv,data_mill_9.csv,1
data_mill_a.csv,data_mill_10.csv,1
data_mill_a.csv,data_mill_11.csv,1
data_mill_b.csv,data_mill_a.csv,1
data_mill_b.csv,data_mill_b.csv,1
data_mill_b.csv,data_mill_0.csv,1
data_mill_b.csv,data_mill_1.csv,1
data_mill_b.csv,data_mill_2.csv,1
data_mill_b.csv,data_mill_3.csv,1
data_mill_b.csv,data_mill_4.csv,1
data_mill_b.csv,data_mill_5.csv,1
data_mill_b.csv,data_mill_6.csv,1
data_mill_b.csv,data_mill_7.csv,1
data_mill_b.csv,data_mill_8.csv,1
data_mill_b.csv,data_mill_9.csv,1
data_mill_b.csv,data_mill_10.csv,1
data_mill_b.csv,data_mill_11.csv,1
cihr_co-applicant_a.csv,cihr_co-applicant_a.csv,1
cihr_co-applicant_a.csv,cihr_co-applicant_b.csv,1
cihr_co-applicant_a.csv,cihr_co-applicant_0.csv,1
cihr_co-applicant_a.csv,cihr_co-applicant_1.csv,1
cihr_co-applicant_a.csv,cihr_co-applicant_2.csv,1
cihr_co-applicant_a.csv,cihr_co-applicant_3.csv,1
cihr_co-applicant_a.csv,cihr_co-applicant_4.csv,1
cihr_co-applicant_a.csv,cihr_co-applicant_5.csv,1
cihr_co-applicant_a.csv,cihr_co-applicant_6.csv,1
cihr_co-applicant_a.csv,cihr_co-applicant_7.csv,1
cihr_co-applicant_a.csv,cihr_co-applicant_8.csv,1
cihr_co-applicant_a.csv,cihr_co-applicant_9.csv,1
cihr_co-applicant_b.csv,cihr_co-applicant_a.csv,1
cihr_co-applicant_b.csv,cihr_co-applicant_b.csv,1
cihr_co-applicant_b.csv,cihr_co-applicant_0.csv,1
cihr_co-applicant_b.csv,cihr_co-applicant_1.csv,1
cihr_co-applicant_b.csv,cihr_co-applicant_2.csv,1
cihr_co-applicant_b.csv,cihr_co-applicant_3.csv,1
cihr_co-applicant_b.csv,cihr_co-applicant_4.csv,1
cihr_co-applicant_b.csv,cihr_co-applicant_5.csv,1
cihr_co-applicant_b.csv,cihr_co-applicant_6.csv,1
cihr_co-applicant_b.csv,cihr_co-applicant_7.csv,1
cihr_co-applicant_b.csv,cihr_co-applicant_8.csv,1
cihr_co-applicant_b.csv,cihr_co-applicant_9.csv,1
ydn_spending_data_a.csv,ydn_spending_data_a.csv,1
ydn_spending_data_a.csv,ydn_spending_data_b.csv,1
ydn_spending_data_a.csv,ydn_spending_data_0.csv,1
ydn_spending_data_a.csv,ydn_spending_data_1.csv,1
ydn_spending_data_a.csv,ydn_spending_data_2.csv,1
ydn_spending_data_a.csv,ydn_spending_data_3.csv,1
ydn_spending_data_a.csv,ydn_spending_data_4.csv,1
ydn_spending_data_a.csv,ydn_spending_data_5.csv,1
ydn_spending_data_a.csv,ydn_spending_data_6.csv,1
ydn_spending_data_a.csv,ydn_spending_data_7.csv,1
ydn_spending_data_a.csv,ydn_spending_data_8.csv,1
ydn_spending_data_a.csv,ydn_spending_data_9.csv,1
ydn_spending_data_b.csv,ydn_spending_data_a.csv,1
ydn_spending_data_b.csv,ydn_spending_data_b.csv,1
ydn_spending_data_b.csv,ydn_spending_data_0.csv,1
ydn_spending_data_b.csv,ydn_spending_data_1.csv,1
ydn_spending_data_b.csv,ydn_spending_data_2.csv,1
ydn_spending_data_b.csv,ydn_spending_data_3.csv,1
ydn_spending_data_b.csv,ydn_spending_data_4.csv,1
ydn_spending_data_b.csv,ydn_spending_data_5.csv,1
ydn_spending_data_b.csv,ydn_spending_data_6.csv,1
ydn_spending_data_b.csv,ydn_spending_data_7.csv,1
ydn_spending_data_b.csv,ydn_spending_data_8.csv,1
ydn_spending_data_b.csv,ydn_spending_data_9.csv,1
civic_building_locations_a.csv,civic_building_locations_a.csv,1
civic_building_locations_a.csv,civic_building_locations_0.csv,1
civic_building_locations_a.csv,civic_building_locations_1.csv,1
civic_building_locations_a.csv,civic_building_locations_2.csv,1
civic_building_locations_a.csv,civic_building_locations_3.csv,1
civic_building_locations_a.csv,civic_building_locations_4.csv,1
civic_building_locations_a.csv,civic_building_locations_5.csv,1
civic_building_locations_a.csv,civic_building_locations_6.csv,1
civic_building_locations_a.csv,civic_building_locations_7.csv,1
civic_building_locations_a.csv,civic_building_locations_8.csv,1
civic_building_locations_a.csv,civic_building_locations_9.csv,1
civic_building_locations_a.csv,civic_building_locations_10.csv,1
ipopayments_a.csv,ipopayments_a.csv,1
ipopayments_a.csv,ipopayments_b.csv,1
ipopayments_a.csv,ipopayments_0.csv,1
ipopayments_a.csv,ipopayments_1.csv,1
ipopayments_a.csv,ipopayments_2.csv,1
ipopayments_a.csv,ipopayments_3.csv,1
ipopayments_a.csv,ipopayments_4.csv,1
ipopayments_a.csv,ipopayments_5.csv,1
ipopayments_a.csv,ipopayments_6.csv,1
ipopayments_a.csv,ipopayments_7.csv,1
ipopayments_a.csv,ipopayments_8.csv,1
ipopayments_a.csv,ipopayments_9.csv,1
ipopayments_a.csv,ipopayments_10.csv,1
ipopayments_a.csv,ipopayments_11.csv,1
ipopayments_a.csv,ipopayments_12.csv,1
ipopayments_b.csv,ipopayments_a.csv,1
ipopayments_b.csv,ipopayments_b.csv,1
ipopayments_b.csv,ipopayments_0.csv,1
ipopayments_b.csv,ipopayments_1.csv,1
ipopayments_b.csv,ipopayments_2.csv,1
ipopayments_b.csv,ipopayments_3.csv,1
ipopayments_b.csv,ipopayments_4.csv,1
ipopayments_b.csv,ipopayments_5.csv,1
ipopayments_b.csv,ipopayments_6.csv,1
ipopayments_b.csv,ipopayments_7.csv,1
ipopayments_b.csv,ipopayments_8.csv,1
ipopayments_b.csv,ipopayments_9.csv,1
ipopayments_b.csv,ipopayments_10.csv,1
ipopayments_b.csv,ipopayments_11.csv,1
ipopayments_b.csv,ipopayments_12.csv,1
oil_and_gas_summary_production_data_1967_1999_a.csv,oil_and_gas_summary_production_data_1967_1999_a.csv,1
oil_and_gas_summary_production_data_1967_1999_a.csv,oil_and_gas_summary_production_data_1967_1999_0.csv,1
oil_and_gas_summary_production_data_1967_1999_a.csv,oil_and_gas_summary_production_data_1967_1999_1.csv,1
oil_and_gas_summary_production_data_1967_1999_a.csv,oil_and_gas_summary_production_data_1967_1999_2.csv,1
oil_and_gas_summary_production_data_1967_1999_a.csv,oil_and_gas_summary_production_data_1967_1999_3.csv,1
oil_and_gas_summary_production_data_1967_1999_a.csv,oil_and_gas_summary_production_data_1967_1999_4.csv,1
oil_and_gas_summary_production_data_1967_1999_a.csv,oil_and_gas_summary_production_data_1967_1999_5.csv,1
oil_and_gas_summary_production_data_1967_1999_a.csv,oil_and_gas_summary_production_data_1967_1999_6.csv,1
oil_and_gas_summary_production_data_1967_1999_a.csv,oil_and_gas_summary_production_data_1967_1999_7.csv,1
oil_and_gas_summary_production_data_1967_1999_a.csv,oil_and_gas_summary_production_data_1967_1999_8.csv,1
oil_and_gas_summary_production_data_1967_1999_a.csv,oil_and_gas_summary_production_data_1967_1999_9.csv,1
deaths_2012_2018_a.csv,deaths_2012_2018_a.csv,1
deaths_2012_2018_a.csv,deaths_2012_2018_0.csv,1
deaths_2012_2018_a.csv,deaths_2012_2018_1.csv,1
deaths_2012_2018_a.csv,deaths_2012_2018_2.csv,1
deaths_2012_2018_a.csv,deaths_2012_2018_3.csv,1
deaths_2012_2018_a.csv,deaths_2012_2018_4.csv,1
deaths_2012_2018_a.csv,deaths_2012_2018_5.csv,1
deaths_2012_2018_a.csv,deaths_2012_2018_6.csv,1
deaths_2012_2018_a.csv,deaths_2012_2018_7.csv,1
deaths_2012_2018_a.csv,deaths_2012_2018_8.csv,1
deaths_2012_2018_a.csv,deaths_2012_2018_9.csv,1
albums_a.csv,albums_a.csv,1
albums_a.csv,albums_b.csv,1
albums_a.csv,albums_0.csv,1
albums_a.csv,albums_1.csv,1
albums_a.csv,albums_2.csv,1
albums_a.csv,albums_3.csv,1
albums_a.csv,albums_4.csv,1
albums_a.csv,albums_5.csv,1
albums_a.csv,albums_6.csv,1
albums_a.csv,albums_7.csv,1
albums_a.csv,albums_8.csv,1
albums_a.csv,albums_9.csv,1
albums_a.csv,albums_10.csv,1
albums_a.csv,albums_11.csv,1
albums_a.csv,albums_12.csv,1
albums_a.csv,albums_13.csv,1
albums_b.csv,albums_a.csv,1
albums_b.csv,albums_b.csv,1
albums_b.csv,albums_0.csv,1
albums_b.csv,albums_1.csv,1
albums_b.csv,albums_2.csv,1
albums_b.csv,albums_3.csv,1
albums_b.csv,albums_4.csv,1
albums_b.csv,albums_5.csv,1
albums_b.csv,albums_6.csv,1
albums_b.csv,albums_7.csv,1
albums_b.csv,albums_8.csv,1
albums_b.csv,albums_9.csv,1
albums_b.csv,albums_10.csv,1
albums_b.csv,albums_11.csv,1
albums_b.csv,albums_12.csv,1
albums_b.csv,albums_13.csv,1
animal_tag_data_a.csv,animal_tag_data_a.csv,1
animal_tag_data_a.csv,animal_tag_data_b.csv,1
animal_tag_data_a.csv,animal_tag_data_0.csv,1
animal_tag_data_a.csv,animal_tag_data_1.csv,1
animal_tag_data_a.csv,animal_tag_data_2.csv,1
animal_tag_data_a.csv,animal_tag_data_3.csv,1
animal_tag_data_a.csv,animal_tag_data_4.csv,1
animal_tag_data_a.csv,animal_tag_data_5.csv,1
animal_tag_data_a.csv,animal_tag_data_6.csv,1
animal_tag_data_a.csv,animal_tag_data_7.csv,1
animal_tag_data_a.csv,animal_tag_data_8.csv,1
animal_tag_data_a.csv,animal_tag_data_9.csv,1
animal_tag_data_b.csv,animal_tag_data_a.csv,1
animal_tag_data_b.csv,animal_tag_data_b.csv,1
animal_tag_data_b.csv,animal_tag_data_0.csv,1
animal_tag_data_b.csv,animal_tag_data_1.csv,1
animal_tag_data_b.csv,animal_tag_data_2.csv,1
animal_tag_data_b.csv,animal_tag_data_3.csv,1
animal_tag_data_b.csv,animal_tag_data_4.csv,1
animal_tag_data_b.csv,animal_tag_data_5.csv,1
animal_tag_data_b.csv,animal_tag_data_6.csv,1
animal_tag_data_b.csv,animal_tag_data_7.csv,1
animal_tag_data_b.csv,animal_tag_data_8.csv,1
animal_tag_data_b.csv,animal_tag_data_9.csv,1
new_york_city_restaurant_inspection_results_a.csv,new_york_city_restaurant_inspection_results_a.csv,1
new_york_city_restaurant_inspection_results_a.csv,new_york_city_restaurant_inspection_results_0.csv,1
new_york_city_restaurant_inspection_results_a.csv,new_york_city_restaurant_inspection_results_1.csv,1
new_york_city_restaurant_inspection_results_a.csv,new_york_city_restaurant_inspection_results_2.csv,1
new_york_city_restaurant_inspection_results_a.csv,new_york_city_restaurant_inspection_results_3.csv,1
new_york_city_restaurant_inspection_results_a.csv,new_york_city_restaurant_inspection_results_4.csv,1
new_york_city_restaurant_inspection_results_a.csv,new_york_city_restaurant_inspection_results_5.csv,1
new_york_city_restaurant_inspection_results_a.csv,new_york_city_restaurant_inspection_results_6.csv,1
new_york_city_restaurant_inspection_results_a.csv,new_york_city_restaurant_inspection_results_7.csv,1
new_york_city_restaurant_inspection_results_a.csv,new_york_city_restaurant_inspection_results_8.csv,1
new_york_city_restaurant_inspection_results_a.csv,new_york_city_restaurant_inspection_results_9.csv,1
new_york_city_restaurant_inspection_results_a.csv,new_york_city_restaurant_inspection_results_10.csv,1
new_york_city_restaurant_inspection_results_a.csv,new_york_city_restaurant_inspection_results_11.csv,1
new_york_city_restaurant_inspection_results_a.csv,new_york_city_restaurant_inspection_results_12.csv,1
new_york_city_restaurant_inspection_results_a.csv,new_york_city_restaurant_inspection_results_13.csv,1
new_york_city_restaurant_inspection_results_a.csv,new_york_city_restaurant_inspection_results_14.csv,1
new_york_city_restaurant_inspection_results_a.csv,new_york_city_restaurant_inspection_results_15.csv,1
new_york_city_restaurant_inspection_results_a.csv,new_york_city_restaurant_inspection_results_16.csv,1
new_york_city_restaurant_inspection_results_a.csv,new_york_city_restaurant_inspection_results_17.csv,1
new_york_city_restaurant_inspection_results_a.csv,new_york_city_restaurant_inspection_results_18.csv,1
new_york_city_restaurant_inspection_results_a.csv,new_york_city_restaurant_inspection_results_19.csv,1
new_york_city_restaurant_inspection_results_a.csv,new_york_city_restaurant_inspection_results_20.csv,1
new_york_city_restaurant_inspection_results_a.csv,new_york_city_restaurant_inspection_results_21.csv,1
new_york_city_restaurant_inspection_results_a.csv,new_york_city_restaurant_inspection_results_22.csv,1
new_york_city_restaurant_inspection_results_a.csv,new_york_city_restaurant_inspection_results_23.csv,1
new_york_city_restaurant_inspection_results_a.csv,new_york_city_restaurant_inspection_results_24.csv,1
new_york_city_restaurant_inspection_results_a.csv,new_york_city_restaurant_inspection_results_25.csv,1
new_york_city_restaurant_inspection_results_a.csv,new_york_city_restaurant_inspection_results_26.csv,1
new_york_city_restaurant_inspection_results_a.csv,new_york_city_restaurant_inspection_results_27.csv,1
new_york_city_restaurant_inspection_results_a.csv,new_york_city_restaurant_inspection_results_28.csv,1
new_york_city_restaurant_inspection_results_a.csv,new_york_city_restaurant_inspection_results_29.csv,1
business_rates_a.csv,business_rates_a.csv,1
business_rates_a.csv,business_rates_0.csv,1
business_rates_a.csv,business_rates_1.csv,1
business_rates_a.csv,business_rates_2.csv,1
business_rates_a.csv,business_rates_3.csv,1
business_rates_a.csv,business_rates_4.csv,1
business_rates_a.csv,business_rates_5.csv,1
business_rates_a.csv,business_rates_6.csv,1
business_rates_a.csv,business_rates_7.csv,1
business_rates_a.csv,business_rates_8.csv,1
business_rates_a.csv,business_rates_9.csv,1
business_rates_a.csv,business_rates_10.csv,1
biodiversity_a.csv,biodiversity_a.csv,1
biodiversity_a.csv,biodiversity_0.csv,1
biodiversity_a.csv,biodiversity_1.csv,1
biodiversity_a.csv,biodiversity_2.csv,1
biodiversity_a.csv,biodiversity_3.csv,1
biodiversity_a.csv,biodiversity_4.csv,1
biodiversity_a.csv,biodiversity_5.csv,1
biodiversity_a.csv,biodiversity_6.csv,1
biodiversity_a.csv,biodiversity_7.csv,1
biodiversity_a.csv,biodiversity_8.csv,1
biodiversity_a.csv,biodiversity_9.csv,1
contributors_parties_a.csv,contributors_parties_a.csv,1
contributors_parties_a.csv,contributors_parties_b.csv,1
contributors_parties_a.csv,contributors_parties_0.csv,1
contributors_parties_a.csv,contributors_parties_1.csv,1
contributors_parties_a.csv,contributors_parties_2.csv,1
contributors_parties_a.csv,contributors_parties_3.csv,1
contributors_parties_a.csv,contributors_parties_4.csv,1
contributors_parties_a.csv,contributors_parties_5.csv,1
contributors_parties_a.csv,contributors_parties_6.csv,1
contributors_parties_a.csv,contributors_parties_7.csv,1
contributors_parties_a.csv,contributors_parties_8.csv,1
contributors_parties_a.csv,contributors_parties_9.csv,1
contributors_parties_a.csv,contributors_parties_10.csv,1
contributors_parties_a.csv,contributors_parties_11.csv,1
contributors_parties_a.csv,contributors_parties_12.csv,1
contributors_parties_a.csv,contributors_parties_13.csv,1
contributors_parties_a.csv,contributors_parties_14.csv,1
contributors_parties_a.csv,contributors_parties_15.csv,1
contributors_parties_a.csv,contributors_parties_16.csv,1
contributors_parties_a.csv,contributors_parties_17.csv,1
contributors_parties_a.csv,contributors_parties_18.csv,1
contributors_parties_b.csv,contributors_parties_a.csv,1
contributors_parties_b.csv,contributors_parties_b.csv,1
contributors_parties_b.csv,contributors_parties_0.csv,1
contributors_parties_b.csv,contributors_parties_1.csv,1
contributors_parties_b.csv,contributors_parties_2.csv,1
contributors_parties_b.csv,contributors_parties_3.csv,1
contributors_parties_b.csv,contributors_parties_4.csv,1
contributors_parties_b.csv,contributors_parties_5.csv,1
contributors_parties_b.csv,contributors_parties_6.csv,1
contributors_parties_b.csv,contributors_parties_7.csv,1
contributors_parties_b.csv,contributors_parties_8.csv,1
contributors_parties_b.csv,contributors_parties_9.csv,1
contributors_parties_b.csv,contributors_parties_10.csv,1
contributors_parties_b.csv,contributors_parties_11.csv,1
contributors_parties_b.csv,contributors_parties_12.csv,1
contributors_parties_b.csv,contributors_parties_13.csv,1
contributors_parties_b.csv,contributors_parties_14.csv,1
contributors_parties_b.csv,contributors_parties_15.csv,1
contributors_parties_b.csv,contributors_parties_16.csv,1
contributors_parties_b.csv,contributors_parties_17.csv,1
contributors_parties_b.csv,contributors_parties_18.csv,1
workforce_management_information_a.csv,workforce_management_information_a.csv,1
workforce_management_information_a.csv,workforce_management_information_b.csv,1
workforce_management_information_a.csv,workforce_management_information_0.csv,1
workforce_management_information_a.csv,workforce_management_information_1.csv,1
workforce_management_information_a.csv,workforce_management_information_2.csv,1
workforce_management_information_a.csv,workforce_management_information_3.csv,1
workforce_management_information_a.csv,workforce_management_information_4.csv,1
workforce_management_information_a.csv,workforce_management_information_5.csv,1
workforce_management_information_a.csv,workforce_management_information_6.csv,1
workforce_management_information_a.csv,workforce_management_information_7.csv,1
workforce_management_information_a.csv,workforce_management_information_8.csv,1
workforce_management_information_a.csv,workforce_management_information_9.csv,1
workforce_management_information_a.csv,workforce_management_information_10.csv,1
workforce_management_information_a.csv,workforce_management_information_11.csv,1
workforce_management_information_a.csv,workforce_management_information_12.csv,1
workforce_management_information_a.csv,workforce_management_information_13.csv,1
workforce_management_information_a.csv,workforce_management_information_14.csv,1
workforce_management_information_a.csv,workforce_management_information_15.csv,1
workforce_management_information_b.csv,workforce_management_information_a.csv,1
workforce_management_information_b.csv,workforce_management_information_b.csv,1
workforce_management_information_b.csv,workforce_management_information_0.csv,1
workforce_management_information_b.csv,workforce_management_information_1.csv,1
workforce_management_information_b.csv,workforce_management_information_2.csv,1
workforce_management_information_b.csv,workforce_management_information_3.csv,1
workforce_management_information_b.csv,workforce_management_information_4.csv,1
workforce_management_information_b.csv,workforce_management_information_5.csv,1
workforce_management_information_b.csv,workforce_management_information_6.csv,1
workforce_management_information_b.csv,workforce_management_information_7.csv,1
workforce_management_information_b.csv,workforce_management_information_8.csv,1
workforce_management_information_b.csv,workforce_management_information_9.csv,1
workforce_management_information_b.csv,workforce_management_information_10.csv,1
workforce_management_information_b.csv,workforce_management_information_11.csv,1
workforce_management_information_b.csv,workforce_management_information_12.csv,1
workforce_management_information_b.csv,workforce_management_information_13.csv,1
workforce_management_information_b.csv,workforce_management_information_14.csv,1
workforce_management_information_b.csv,workforce_management_information_15.csv,1
wholesale_markets_a.csv,wholesale_markets_a.csv,1
wholesale_markets_a.csv,wholesale_markets_0.csv,1
wholesale_markets_a.csv,wholesale_markets_1.csv,1
wholesale_markets_a.csv,wholesale_markets_2.csv,1
wholesale_markets_a.csv,wholesale_markets_3.csv,1
wholesale_markets_a.csv,wholesale_markets_4.csv,1
wholesale_markets_a.csv,wholesale_markets_5.csv,1
wholesale_markets_a.csv,wholesale_markets_6.csv,1
wholesale_markets_a.csv,wholesale_markets_7.csv,1
wholesale_markets_a.csv,wholesale_markets_8.csv,1
wholesale_markets_a.csv,wholesale_markets_9.csv,1
senior_officials_expenses_a.csv,senior_officials_expenses_a.csv,1
senior_officials_expenses_a.csv,senior_officials_expenses_0.csv,1
senior_officials_expenses_a.csv,senior_officials_expenses_1.csv,1
senior_officials_expenses_a.csv,senior_officials_expenses_2.csv,1
senior_officials_expenses_a.csv,senior_officials_expenses_3.csv,1
senior_officials_expenses_a.csv,senior_officials_expenses_4.csv,1
senior_officials_expenses_a.csv,senior_officials_expenses_5.csv,1
senior_officials_expenses_a.csv,senior_officials_expenses_6.csv,1
senior_officials_expenses_a.csv,senior_officials_expenses_7.csv,1
senior_officials_expenses_a.csv,senior_officials_expenses_8.csv,1
senior_officials_expenses_a.csv,senior_officials_expenses_9.csv,1
monthly_data_feed_a.csv,monthly_data_feed_a.csv,1
monthly_data_feed_a.csv,monthly_data_feed_b.csv,1
monthly_data_feed_a.csv,monthly_data_feed_0.csv,1
monthly_data_feed_a.csv,monthly_data_feed_1.csv,1
monthly_data_feed_a.csv,monthly_data_feed_2.csv,1
monthly_data_feed_a.csv,monthly_data_feed_3.csv,1
monthly_data_feed_a.csv,monthly_data_feed_4.csv,1
monthly_data_feed_a.csv,monthly_data_feed_5.csv,1
monthly_data_feed_a.csv,monthly_data_feed_6.csv,1
monthly_data_feed_a.csv,monthly_data_feed_7.csv,1
monthly_data_feed_a.csv,monthly_data_feed_8.csv,1
monthly_data_feed_a.csv,monthly_data_feed_9.csv,1
monthly_data_feed_a.csv,monthly_data_feed_10.csv,1
monthly_data_feed_b.csv,monthly_data_feed_a.csv,1
monthly_data_feed_b.csv,monthly_data_feed_b.csv,1
monthly_data_feed_b.csv,monthly_data_feed_0.csv,1
monthly_data_feed_b.csv,monthly_data_feed_1.csv,1
monthly_data_feed_b.csv,monthly_data_feed_2.csv,1
monthly_data_feed_b.csv,monthly_data_feed_3.csv,1
monthly_data_feed_b.csv,monthly_data_feed_4.csv,1
monthly_data_feed_b.csv,monthly_data_feed_5.csv,1
monthly_data_feed_b.csv,monthly_data_feed_6.csv,1
monthly_data_feed_b.csv,monthly_data_feed_7.csv,1
monthly_data_feed_b.csv,monthly_data_feed_8.csv,1
monthly_data_feed_b.csv,monthly_data_feed_9.csv,1
monthly_data_feed_b.csv,monthly_data_feed_10.csv,1
tuition_assistance_program_tap_recipients_a.csv,tuition_assistance_program_tap_recipients_a.csv,1
tuition_assistance_program_tap_recipients_a.csv,tuition_assistance_program_tap_recipients_0.csv,1
tuition_assistance_program_tap_recipients_a.csv,tuition_assistance_program_tap_recipients_1.csv,1
tuition_assistance_program_tap_recipients_a.csv,tuition_assistance_program_tap_recipients_2.csv,1
tuition_assistance_program_tap_recipients_a.csv,tuition_assistance_program_tap_recipients_3.csv,1
tuition_assistance_program_tap_recipients_a.csv,tuition_assistance_program_tap_recipients_4.csv,1
tuition_assistance_program_tap_recipients_a.csv,tuition_assistance_program_tap_recipients_5.csv,1
tuition_assistance_program_tap_recipients_a.csv,tuition_assistance_program_tap_recipients_6.csv,1
tuition_assistance_program_tap_recipients_a.csv,tuition_assistance_program_tap_recipients_7.csv,1
tuition_assistance_program_tap_recipients_a.csv,tuition_assistance_program_tap_recipients_8.csv,1
tuition_assistance_program_tap_recipients_a.csv,tuition_assistance_program_tap_recipients_9.csv,1
time_spent_watching_vcr_movies_a.csv,time_spent_watching_vcr_movies_a.csv,1
time_spent_watching_vcr_movies_a.csv,time_spent_watching_vcr_movies_0.csv,1
time_spent_watching_vcr_movies_a.csv,time_spent_watching_vcr_movies_1.csv,1
time_spent_watching_vcr_movies_a.csv,time_spent_watching_vcr_movies_2.csv,1
time_spent_watching_vcr_movies_a.csv,time_spent_watching_vcr_movies_3.csv,1
time_spent_watching_vcr_movies_a.csv,time_spent_watching_vcr_movies_4.csv,1
time_spent_watching_vcr_movies_a.csv,time_spent_watching_vcr_movies_5.csv,1
time_spent_watching_vcr_movies_a.csv,time_spent_watching_vcr_movies_6.csv,1
time_spent_watching_vcr_movies_a.csv,time_spent_watching_vcr_movies_7.csv,1
time_spent_watching_vcr_movies_a.csv,time_spent_watching_vcr_movies_8.csv,1
time_spent_watching_vcr_movies_a.csv,time_spent_watching_vcr_movies_9.csv,1
complaint_by_practice_a.csv,complaint_by_practice_a.csv,1
complaint_by_practice_a.csv,complaint_by_practice_b.csv,1
complaint_by_practice_a.csv,complaint_by_practice_0.csv,1
complaint_by_practice_a.csv,complaint_by_practice_1.csv,1
complaint_by_practice_a.csv,complaint_by_practice_2.csv,1
complaint_by_practice_a.csv,complaint_by_practice_3.csv,1
complaint_by_practice_a.csv,complaint_by_practice_4.csv,1
complaint_by_practice_a.csv,complaint_by_practice_5.csv,1
complaint_by_practice_a.csv,complaint_by_practice_6.csv,1
complaint_by_practice_a.csv,complaint_by_practice_7.csv,1
complaint_by_practice_a.csv,complaint_by_practice_8.csv,1
complaint_by_practice_a.csv,complaint_by_practice_9.csv,1
complaint_by_practice_a.csv,complaint_by_practice_10.csv,1
complaint_by_practice_b.csv,complaint_by_practice_a.csv,1
complaint_by_practice_b.csv,complaint_by_practice_b.csv,1
complaint_by_practice_b.csv,complaint_by_practice_0.csv,1
complaint_by_practice_b.csv,complaint_by_practice_1.csv,1
complaint_by_practice_b.csv,complaint_by_practice_2.csv,1
complaint_by_practice_b.csv,complaint_by_practice_3.csv,1
complaint_by_practice_b.csv,complaint_by_practice_4.csv,1
complaint_by_practice_b.csv,complaint_by_practice_5.csv,1
complaint_by_practice_b.csv,complaint_by_practice_6.csv,1
complaint_by_practice_b.csv,complaint_by_practice_7.csv,1
complaint_by_practice_b.csv,complaint_by_practice_8.csv,1
complaint_by_practice_b.csv,complaint_by_practice_9.csv,1
complaint_by_practice_b.csv,complaint_by_practice_10.csv,1
311_calls_historic_data_a.csv,311_calls_historic_data_a.csv,1
311_calls_historic_data_a.csv,311_calls_historic_data_0.csv,1
311_calls_historic_data_a.csv,311_calls_historic_data_1.csv,1
311_calls_historic_data_a.csv,311_calls_historic_data_2.csv,1
311_calls_historic_data_a.csv,311_calls_historic_data_3.csv,1
311_calls_historic_data_a.csv,311_calls_historic_data_4.csv,1
311_calls_historic_data_a.csv,311_calls_historic_data_5.csv,1
311_calls_historic_data_a.csv,311_calls_historic_data_6.csv,1
311_calls_historic_data_a.csv,311_calls_historic_data_7.csv,1
311_calls_historic_data_a.csv,311_calls_historic_data_8.csv,1
311_calls_historic_data_a.csv,311_calls_historic_data_9.csv,1
abandoned_wells_a.csv,abandoned_wells_a.csv,1
abandoned_wells_a.csv,abandoned_wells_0.csv,1
abandoned_wells_a.csv,abandoned_wells_1.csv,1
abandoned_wells_a.csv,abandoned_wells_2.csv,1
abandoned_wells_a.csv,abandoned_wells_3.csv,1
abandoned_wells_a.csv,abandoned_wells_4.csv,1
abandoned_wells_a.csv,abandoned_wells_5.csv,1
abandoned_wells_a.csv,abandoned_wells_6.csv,1
abandoned_wells_a.csv,abandoned_wells_7.csv,1
abandoned_wells_a.csv,abandoned_wells_8.csv,1
abandoned_wells_a.csv,abandoned_wells_9.csv,1
immigration_records_a.csv,immigration_records_a.csv,1
immigration_records_a.csv,immigration_records_0.csv,1
immigration_records_a.csv,immigration_records_1.csv,1
immigration_records_a.csv,immigration_records_2.csv,1
immigration_records_a.csv,immigration_records_3.csv,1
immigration_records_a.csv,immigration_records_4.csv,1
immigration_records_a.csv,immigration_records_5.csv,1
immigration_records_a.csv,immigration_records_6.csv,1
immigration_records_a.csv,immigration_records_7.csv,1
immigration_records_a.csv,immigration_records_8.csv,1
immigration_records_a.csv,immigration_records_9.csv,1
immigration_records_a.csv,immigration_records_10.csv,1
immigration_records_a.csv,immigration_records_11.csv,1
immigration_records_a.csv,immigration_records_12.csv,1
immigration_records_a.csv,immigration_records_13.csv,1
immigration_records_a.csv,immigration_records_14.csv,1
film_locations_in_san_francisco_a.csv,film_locations_in_san_francisco_a.csv,1
film_locations_in_san_francisco_a.csv,film_locations_in_san_francisco_0.csv,1
film_locations_in_san_francisco_a.csv,film_locations_in_san_francisco_1.csv,1
film_locations_in_san_francisco_a.csv,film_locations_in_san_francisco_2.csv,1
film_locations_in_san_francisco_a.csv,film_locations_in_san_francisco_3.csv,1
film_locations_in_san_francisco_a.csv,film_locations_in_san_francisco_4.csv,1
film_locations_in_san_francisco_a.csv,film_locations_in_san_francisco_5.csv,1
film_locations_in_san_francisco_a.csv,film_locations_in_san_francisco_6.csv,1
film_locations_in_san_francisco_a.csv,film_locations_in_san_francisco_7.csv,1
film_locations_in_san_francisco_a.csv,film_locations_in_san_francisco_8.csv,1
film_locations_in_san_francisco_a.csv,film_locations_in_san_francisco_9.csv,1
film_locations_in_san_francisco_a.csv,film_locations_in_san_francisco_10.csv,1
film_locations_in_san_francisco_a.csv,film_locations_in_san_francisco_11.csv,1
psyckes_antipsychotic_polypharmacy_quality_indicators_beginning_2012_a.csv,psyckes_antipsychotic_polypharmacy_quality_indicators_beginning_2012_a.csv,1
psyckes_antipsychotic_polypharmacy_quality_indicators_beginning_2012_a.csv,psyckes_antipsychotic_polypharmacy_quality_indicators_beginning_2012_0.csv,1
psyckes_antipsychotic_polypharmacy_quality_indicators_beginning_2012_a.csv,psyckes_antipsychotic_polypharmacy_quality_indicators_beginning_2012_1.csv,1
psyckes_antipsychotic_polypharmacy_quality_indicators_beginning_2012_a.csv,psyckes_antipsychotic_polypharmacy_quality_indicators_beginning_2012_2.csv,1
psyckes_antipsychotic_polypharmacy_quality_indicators_beginning_2012_a.csv,psyckes_antipsychotic_polypharmacy_quality_indicators_beginning_2012_3.csv,1
psyckes_antipsychotic_polypharmacy_quality_indicators_beginning_2012_a.csv,psyckes_antipsychotic_polypharmacy_quality_indicators_beginning_2012_4.csv,1
psyckes_antipsychotic_polypharmacy_quality_indicators_beginning_2012_a.csv,psyckes_antipsychotic_polypharmacy_quality_indicators_beginning_2012_5.csv,1
psyckes_antipsychotic_polypharmacy_quality_indicators_beginning_2012_a.csv,psyckes_antipsychotic_polypharmacy_quality_indicators_beginning_2012_6.csv,1
psyckes_antipsychotic_polypharmacy_quality_indicators_beginning_2012_a.csv,psyckes_antipsychotic_polypharmacy_quality_indicators_beginning_2012_7.csv,1
psyckes_antipsychotic_polypharmacy_quality_indicators_beginning_2012_a.csv,psyckes_antipsychotic_polypharmacy_quality_indicators_beginning_2012_8.csv,1
psyckes_antipsychotic_polypharmacy_quality_indicators_beginning_2012_a.csv,psyckes_antipsychotic_polypharmacy_quality_indicators_beginning_2012_9.csv,1
report_card_discipline_for_2015_16_a.csv,report_card_discipline_for_2015_16_a.csv,1
report_card_discipline_for_2015_16_a.csv,report_card_discipline_for_2015_16_0.csv,1
report_card_discipline_for_2015_16_a.csv,report_card_discipline_for_2015_16_1.csv,1
report_card_discipline_for_2015_16_a.csv,report_card_discipline_for_2015_16_2.csv,1
report_card_discipline_for_2015_16_a.csv,report_card_discipline_for_2015_16_3.csv,1
report_card_discipline_for_2015_16_a.csv,report_card_discipline_for_2015_16_4.csv,1
report_card_discipline_for_2015_16_a.csv,report_card_discipline_for_2015_16_5.csv,1
report_card_discipline_for_2015_16_a.csv,report_card_discipline_for_2015_16_6.csv,1
report_card_discipline_for_2015_16_a.csv,report_card_discipline_for_2015_16_7.csv,1
report_card_discipline_for_2015_16_a.csv,report_card_discipline_for_2015_16_8.csv,1
report_card_discipline_for_2015_16_a.csv,report_card_discipline_for_2015_16_9.csv,1
job_pay_scales_a.csv,job_pay_scales_a.csv,1
job_pay_scales_a.csv,job_pay_scales_0.csv,1
job_pay_scales_a.csv,job_pay_scales_1.csv,1
job_pay_scales_a.csv,job_pay_scales_2.csv,1
job_pay_scales_a.csv,job_pay_scales_3.csv,1
job_pay_scales_a.csv,job_pay_scales_4.csv,1
job_pay_scales_a.csv,job_pay_scales_5.csv,1
job_pay_scales_a.csv,job_pay_scales_6.csv,1
job_pay_scales_a.csv,job_pay_scales_7.csv,1
job_pay_scales_a.csv,job_pay_scales_8.csv,1
job_pay_scales_a.csv,job_pay_scales_9.csv,1
job_pay_scales_a.csv,job_pay_scales_10.csv,1
job_pay_scales_a.csv,job_pay_scales_11.csv,1
job_pay_scales_a.csv,job_pay_scales_12.csv,1
job_pay_scales_a.csv,job_pay_scales_13.csv,1
purchasing_card_a.csv,purchasing_card_a.csv,1
purchasing_card_a.csv,purchasing_card_0.csv,1
purchasing_card_a.csv,purchasing_card_1.csv,1
purchasing_card_a.csv,purchasing_card_2.csv,1
purchasing_card_a.csv,purchasing_card_3.csv,1
purchasing_card_a.csv,purchasing_card_4.csv,1
purchasing_card_a.csv,purchasing_card_5.csv,1
purchasing_card_a.csv,purchasing_card_6.csv,1
purchasing_card_a.csv,purchasing_card_7.csv,1
purchasing_card_a.csv,purchasing_card_8.csv,1
purchasing_card_a.csv,purchasing_card_9.csv,1
purchasing_card_a.csv,purchasing_card_10.csv,1
purchasing_card_a.csv,purchasing_card_11.csv,1
minister_meetings_a.csv,minister_meetings_a.csv,1
minister_meetings_a.csv,minister_meetings_0.csv,1
minister_meetings_a.csv,minister_meetings_1.csv,1
minister_meetings_a.csv,minister_meetings_2.csv,1
minister_meetings_a.csv,minister_meetings_3.csv,1
minister_meetings_a.csv,minister_meetings_4.csv,1
minister_meetings_a.csv,minister_meetings_5.csv,1
minister_meetings_a.csv,minister_meetings_6.csv,1
minister_meetings_a.csv,minister_meetings_7.csv,1
minister_meetings_a.csv,minister_meetings_8.csv,1
minister_meetings_a.csv,minister_meetings_9.csv,1
lane_description_a.csv,lane_description_a.csv,1
lane_description_a.csv,lane_description_b.csv,1
lane_description_a.csv,lane_description_0.csv,1
lane_description_a.csv,lane_description_1.csv,1
lane_description_a.csv,lane_description_2.csv,1
lane_description_a.csv,lane_description_3.csv,1
lane_description_a.csv,lane_description_4.csv,1
lane_description_a.csv,lane_description_5.csv,1
lane_description_a.csv,lane_description_6.csv,1
lane_description_a.csv,lane_description_7.csv,1
lane_description_a.csv,lane_description_8.csv,1
lane_description_a.csv,lane_description_9.csv,1
lane_description_a.csv,lane_description_10.csv,1
lane_description_a.csv,lane_description_11.csv,1
lane_description_a.csv,lane_description_12.csv,1
lane_description_a.csv,lane_description_13.csv,1
lane_description_b.csv,lane_description_a.csv,1
lane_description_b.csv,lane_description_b.csv,1
lane_description_b.csv,lane_description_0.csv,1
lane_description_b.csv,lane_description_1.csv,1
lane_description_b.csv,lane_description_2.csv,1
lane_description_b.csv,lane_description_3.csv,1
lane_description_b.csv,lane_description_4.csv,1
lane_description_b.csv,lane_description_5.csv,1
lane_description_b.csv,lane_description_6.csv,1
lane_description_b.csv,lane_description_7.csv,1
lane_description_b.csv,lane_description_8.csv,1
lane_description_b.csv,lane_description_9.csv,1
lane_description_b.csv,lane_description_10.csv,1
lane_description_b.csv,lane_description_11.csv,1
lane_description_b.csv,lane_description_12.csv,1
lane_description_b.csv,lane_description_13.csv,1
mines_a.csv,mines_a.csv,1
mines_a.csv,mines_b.csv,1
mines_a.csv,mines_0.csv,1
mines_a.csv,mines_1.csv,1
mines_a.csv,mines_2.csv,1
mines_a.csv,mines_3.csv,1
mines_a.csv,mines_4.csv,1
mines_a.csv,mines_5.csv,1
mines_a.csv,mines_6.csv,1
mines_a.csv,mines_7.csv,1
mines_a.csv,mines_8.csv,1
mines_a.csv,mines_9.csv,1
mines_a.csv,mines_10.csv,1
mines_a.csv,mines_11.csv,1
mines_b.csv,mines_a.csv,1
mines_b.csv,mines_b.csv,1
mines_b.csv,mines_0.csv,1
mines_b.csv,mines_1.csv,1
mines_b.csv,mines_2.csv,1
mines_b.csv,mines_3.csv,1
mines_b.csv,mines_4.csv,1
mines_b.csv,mines_5.csv,1
mines_b.csv,mines_6.csv,1
mines_b.csv,mines_7.csv,1
mines_b.csv,mines_8.csv,1
mines_b.csv,mines_9.csv,1
mines_b.csv,mines_10.csv,1
mines_b.csv,mines_11.csv,1
prescribing_a.csv,prescribing_a.csv,1
prescribing_a.csv,prescribing_b.csv,1
prescribing_a.csv,prescribing_0.csv,1
prescribing_a.csv,prescribing_1.csv,1
prescribing_a.csv,prescribing_2.csv,1
prescribing_a.csv,prescribing_3.csv,1
prescribing_a.csv,prescribing_4.csv,1
prescribing_a.csv,prescribing_5.csv,1
prescribing_a.csv,prescribing_6.csv,1
prescribing_a.csv,prescribing_7.csv,1
prescribing_a.csv,prescribing_8.csv,1
prescribing_a.csv,prescribing_9.csv,1
prescribing_a.csv,prescribing_10.csv,1
prescribing_a.csv,prescribing_11.csv,1
prescribing_a.csv,prescribing_12.csv,1
prescribing_b.csv,prescribing_a.csv,1
prescribing_b.csv,prescribing_b.csv,1
prescribing_b.csv,prescribing_0.csv,1
prescribing_b.csv,prescribing_1.csv,1
prescribing_b.csv,prescribing_2.csv,1
prescribing_b.csv,prescribing_3.csv,1
prescribing_b.csv,prescribing_4.csv,1
prescribing_b.csv,prescribing_5.csv,1
prescribing_b.csv,prescribing_6.csv,1
prescribing_b.csv,prescribing_7.csv,1
prescribing_b.csv,prescribing_8.csv,1
prescribing_b.csv,prescribing_9.csv,1
prescribing_b.csv,prescribing_10.csv,1
prescribing_b.csv,prescribing_11.csv,1
prescribing_b.csv,prescribing_12.csv,1
practice_reference_a.csv,practice_reference_a.csv,1
practice_reference_a.csv,practice_reference_b.csv,1
practice_reference_a.csv,practice_reference_0.csv,1
practice_reference_a.csv,practice_reference_1.csv,1
practice_reference_a.csv,practice_reference_2.csv,1
practice_reference_a.csv,practice_reference_3.csv,1
practice_reference_a.csv,practice_reference_4.csv,1
practice_reference_a.csv,practice_reference_5.csv,1
practice_reference_a.csv,practice_reference_6.csv,1
practice_reference_a.csv,practice_reference_7.csv,1
practice_reference_a.csv,practice_reference_8.csv,1
practice_reference_a.csv,practice_reference_9.csv,1
practice_reference_a.csv,practice_reference_10.csv,1
practice_reference_a.csv,practice_reference_11.csv,1
practice_reference_a.csv,practice_reference_12.csv,1
practice_reference_b.csv,practice_reference_a.csv,1
practice_reference_b.csv,practice_reference_b.csv,1
practice_reference_b.csv,practice_reference_0.csv,1
practice_reference_b.csv,practice_reference_1.csv,1
practice_reference_b.csv,practice_reference_2.csv,1
practice_reference_b.csv,practice_reference_3.csv,1
practice_reference_b.csv,practice_reference_4.csv,1
practice_reference_b.csv,practice_reference_5.csv,1
practice_reference_b.csv,practice_reference_6.csv,1
practice_reference_b.csv,practice_reference_7.csv,1
practice_reference_b.csv,practice_reference_8.csv,1
practice_reference_b.csv,practice_reference_9.csv,1
practice_reference_b.csv,practice_reference_10.csv,1
practice_reference_b.csv,practice_reference_11.csv,1
practice_reference_b.csv,practice_reference_12.csv,1
stockport_contracts_a.csv,stockport_contracts_a.csv,1
stockport_contracts_a.csv,stockport_contracts_b.csv,1
stockport_contracts_a.csv,stockport_contracts_0.csv,1
stockport_contracts_a.csv,stockport_contracts_1.csv,1
stockport_contracts_a.csv,stockport_contracts_2.csv,1
stockport_contracts_a.csv,stockport_contracts_3.csv,1
stockport_contracts_a.csv,stockport_contracts_4.csv,1
stockport_contracts_a.csv,stockport_contracts_5.csv,1
stockport_contracts_a.csv,stockport_contracts_6.csv,1
stockport_contracts_a.csv,stockport_contracts_7.csv,1
stockport_contracts_a.csv,stockport_contracts_8.csv,1
stockport_contracts_a.csv,stockport_contracts_9.csv,1
stockport_contracts_a.csv,stockport_contracts_10.csv,1
stockport_contracts_a.csv,stockport_contracts_11.csv,1
stockport_contracts_b.csv,stockport_contracts_a.csv,1
stockport_contracts_b.csv,stockport_contracts_b.csv,1
stockport_contracts_b.csv,stockport_contracts_0.csv,1
stockport_contracts_b.csv,stockport_contracts_1.csv,1
stockport_contracts_b.csv,stockport_contracts_2.csv,1
stockport_contracts_b.csv,stockport_contracts_3.csv,1
stockport_contracts_b.csv,stockport_contracts_4.csv,1
stockport_contracts_b.csv,stockport_contracts_5.csv,1
stockport_contracts_b.csv,stockport_contracts_6.csv,1
stockport_contracts_b.csv,stockport_contracts_7.csv,1
stockport_contracts_b.csv,stockport_contracts_8.csv,1
stockport_contracts_b.csv,stockport_contracts_9.csv,1
stockport_contracts_b.csv,stockport_contracts_10.csv,1
stockport_contracts_b.csv,stockport_contracts_11.csv,1
cdc_nutrition_physical_activity_and_obesity_legislation_a.csv,cdc_nutrition_physical_activity_and_obesity_legislation_a.csv,1
cdc_nutrition_physical_activity_and_obesity_legislation_a.csv,cdc_nutrition_physical_activity_and_obesity_legislation_0.csv,1
cdc_nutrition_physical_activity_and_obesity_legislation_a.csv,cdc_nutrition_physical_activity_and_obesity_legislation_1.csv,1
cdc_nutrition_physical_activity_and_obesity_legislation_a.csv,cdc_nutrition_physical_activity_and_obesity_legislation_2.csv,1
cdc_nutrition_physical_activity_and_obesity_legislation_a.csv,cdc_nutrition_physical_activity_and_obesity_legislation_3.csv,1
cdc_nutrition_physical_activity_and_obesity_legislation_a.csv,cdc_nutrition_physical_activity_and_obesity_legislation_4.csv,1
cdc_nutrition_physical_activity_and_obesity_legislation_a.csv,cdc_nutrition_physical_activity_and_obesity_legislation_5.csv,1
cdc_nutrition_physical_activity_and_obesity_legislation_a.csv,cdc_nutrition_physical_activity_and_obesity_legislation_6.csv,1
cdc_nutrition_physical_activity_and_obesity_legislation_a.csv,cdc_nutrition_physical_activity_and_obesity_legislation_7.csv,1
cdc_nutrition_physical_activity_and_obesity_legislation_a.csv,cdc_nutrition_physical_activity_and_obesity_legislation_8.csv,1
cdc_nutrition_physical_activity_and_obesity_legislation_a.csv,cdc_nutrition_physical_activity_and_obesity_legislation_9.csv,1
